sensor_label,channel,daq_channel,model,serial,units,location_x,location_y,location_z,direction_x,direction_y,direction_z,trial_number,run_index,fs_hz,walking_start_s,walking_end_s,walking_center_s,walking_rms,fft_peak_frequency_hz,fft_peak_amplitude,psd_peak_frequency_hz,psd_peak
1,1,cDAQ1Mod1/ai0,393B31,51815,g,83,991,0,0,0,-1,1,0,1651.6129,18.342676,20.342539,19.342607,0.0016276773,38.002598,0.00043114215,37.903226,8.7645066e-08
2,2,cDAQ1Mod1/ai1,393B31,51819,g,0.3,886,0,0,0,-1,1,0,1651.6129,18.342676,20.342539,19.342607,0.0018723868,120.0082,0.0004450027,33.870968,1.1675355e-07
3,3,cDAQ1Mod1/ai2,393B31,72538,g,84,905,0,0,0,-1,1,0,1651.6129,18.342676,20.342539,19.342607,0.001006452,120.0082,0.0003863645,120.16129,6.566353e-08
4,4,cDAQ1Mod1/ai3,393B31,51835,g,0.3,739,0,0,0,-1,1,0,1651.6129,18.342676,20.342539,19.342607,0.00048790967,159.01087,0.00011959861,41.935484,6.9911609e-09
5,5,cDAQ1Mod2/ai0,393B31,51836,g,83,553,0,0,0,-1,1,0,1651.6129,18.342676,20.342539,19.342607,0.0003796756,28.501948,0.00020452905,28.225806,1.4736958e-08
6,6,cDAQ1Mod2/ai1,393B31,61292,g,30,372,0,0,0,-1,1,0,1651.6129,18.342676,20.342539,19.342607,0.0003141262,59.004033,0.000160518,58.870968,1.134789e-08
7,7,cDAQ1Mod2/ai2,393B31,61321,g,84,234,0,0,0,-1,1,0,1651.6129,18.342676,20.342539,19.342607,0.00023185341,59.004033,0.00018191798,58.870968,1.4027083e-08
8,8,cDAQ1Mod2/ai3,393A03,67865,g,0,103,0,-1,0,0,1,0,1651.6129,18.342676,20.342539,19.342607,0.00013542931,120.0082,6.7173136e-05,120.16129,1.7417144e-09
9,9,cDAQ1Mod3/ai0,393A03,67866,g,0,103,0,0,-1,0,1,0,1651.6129,18.342676,20.342539,19.342607,0.00017387171,4.0002735,3.0262577e-05,59.677419,4.8458167e-10
10,10,cDAQ1Mod3/ai1,393A03,68542,g,0,103,0,0,0,-1,1,0,1651.6129,18.342676,20.342539,19.342607,0.00022429065,29.001983,0.00013793595,29.032258,8.0084526e-09
11,11,cDAQ1Mod3/ai2,393A03,68578,g,443,1105,0,-1,0,0,1,0,1651.6129,18.342676,20.342539,19.342607,0.00017260348,120.0082,0.00010180046,120.16129,4.2330134e-09
12,12,cDAQ1Mod3/ai3,393A03,68588,g,443,1105,0,0,-1,0,1,0,1651.6129,18.342676,20.342539,19.342607,0.0002680809,120.0082,0.00026921445,120.16129,2.8494689e-08
13,13,cDAQ1Mod4/ai0,393A03,68595,g,443,1105,0,0,0,-1,1,0,1651.6129,18.342676,20.342539,19.342607,0.00043191655,120.0082,0.00049393856,120.16129,9.8218778e-08
14,14,cDAQ1Mod4/ai1,393A03,61596,g,311,1010,0,0,0,-1,1,0,1651.6129,18.342676,20.342539,19.342607,0.0010643075,120.0082,0.0014303391,120.16129,8.0898139e-07
15,15,cDAQ1Mod4/ai2,393B31,61603,g,311,973,0,0,0,-1,1,0,1651.6129,18.342676,20.342539,19.342607,0.00041120407,38.502632,0.00015464507,37.903226,1.0008788e-08
16,16,cDAQ1Mod4/ai3,393B31,61605,g,141,905,0,0,0,-1,1,0,1651.6129,18.342676,20.342539,19.342607,0.000596159,38.502632,0.0002941844,37.903226,3.3430413e-08
17,17,cDAQ1Mod5/ai0,393B31,72955,g,167,733,0,0,0,-1,1,0,1651.6129,18.342676,20.342539,19.342607,0.00034447958,120.0082,0.00025370281,120.16129,2.5054004e-08
18,18,cDAQ1Mod5/ai1,393B31,72956,g,264,469,0,0,0,-1,1,0,1651.6129,18.342676,20.342539,19.342607,0.0003465447,59.004033,0.00027202992,58.870968,3.5801718e-08
19,19,cDAQ1Mod5/ai2,393B31,61462,g,192,267,0,0,0,-1,1,0,1651.6129,18.342676,20.342539,19.342607,0.00029138044,59.004033,0.00029217343,58.870968,3.7431296e-08
20,20,cDAQ1Mod5/ai3,393B31,61593,g,408,181,0,0,0,-1,1,0,1651.6129,18.342676,20.342539,19.342607,0.00037296897,59.004033,0.0004196658,58.870968,7.769569e-08
