round,global_train_bias_mps,global_train_mae_mps,global_train_mse_mps2,global_train_r2,global_train_rmse_mps,global_train_standardized_mse,global_train_within_0_10_mps_pct,learning_rate
0,1.3836792537144253e-08,0.0220742044704301,0.0009997622946850931,0.957837006696929,0.03161901792727113,0.999999991950712,98.21428571428571,0.001
1,-2.1604554993765695e-05,0.02207727943147932,0.000999750441279598,0.9578375065908129,0.031618830485639376,0.9999880098870823,98.21428571428571,0.001
2,-3.15180846623012e-05,0.022078678011894226,0.000999773932671033,0.9578365158879378,0.031619201961324596,1.000011742647205,98.21428571428571,0.000999321619703514
3,-4.446825810841152e-05,0.022080563008785248,0.0009997738127569228,0.9578365209450778,0.031619200065101626,1.0000115560500749,98.21428571428571,0.0009972883382072953
4,-5.210829632622855e-05,0.022081663565976278,0.0009997642814531765,0.9578369229089227,0.031619049344551405,1.000002097205392,98.21428571428571,0.0009939057285945933
5,-0.00013412322316850935,0.022093449320111955,0.000999744896572555,0.9578377404278431,0.03161874280506034,0.9999827523050564,98.21428571428571,0.0009891830623632338
6,-0.00015639726604734148,0.0220966243318149,0.0009997291024673568,0.9578384065129267,0.03161849304548458,0.9999668296160442,98.21428571428571,0.0009831332840130886
7,-0.00010981730052403041,0.022089862397738864,0.0009997590472777976,0.9578371436498955,0.03161896657510801,0.9999968039670161,98.21428571428571,0.0009757729755661011
8,-0.00017989852598735264,0.02209992813212531,0.0009997536412863336,0.9578373716368711,0.03161888108846253,0.9999913106273327,98.21428571428571,0.0009671223111161148
9,-0.00020171489034380232,0.022103047796658108,0.000999750181820604,0.9578375175329817,0.03161882638272021,0.9999878888151476,98.21428571428571,0.0009572050015330874
10,-0.0005159590925489153,0.022147868360791887,0.0009996644615856301,0.9578411326139988,0.03161747082841431,0.9999019826895424,98.21428571428571,0.0009460482294732421
11,-0.00029415105070386616,0.022116162947246006,0.000999736664064039,0.9578380876175734,0.031618612620797244,0.9999744316696056,98.21428571428571,0.0009336825748732972
12,-0.00012656939881188528,0.022092328539916446,0.0009998220827242474,0.9578344852548742,0.03161996335741469,1.0000599228910036,98.21428571428571,0.0009201419311329849
13,-0.0002098104783466884,0.02210418028490884,0.0009998060747548213,0.9578351603592579,0.0316197102256618,1.0000438579757298,98.21428571428571,0.000905463412215599
14,-0.00020704099110194614,0.022103780082293918,0.0009998169207278299,0.9578347029518424,0.03161988173171794,1.0000547291710973,98.21428571428571,0.0008896872509212006
15,-0.0002777523228100368,0.022113884133952006,0.0009998381964862549,0.9578338056888982,0.03162021816000413,1.0000755435654096,98.21428571428571,0.0008728566886113102
16,-0.00018158448593957082,0.022100151649543216,0.0009997969671683901,0.9578355444536649,0.03161956620778328,1.0000348016619682,98.21428571428571,0.000855017856687341
17,-0.00012885034084320068,0.022092599953923906,0.0009997866588114285,0.9578359791881892,0.03161940320137982,1.000024248446737,98.21428571428571,0.0008362196501476349
18,-0.00016004485743386404,0.02209707030228206,0.000999786599913526,0.9578359816720914,0.03161940227002285,1.0000244341125446,98.21428571428571,0.0008165135935696696
19,-0.00014597177505493164,0.022095060774258206,0.0009997862644086958,0.9578359958213427,0.031619396964659145,1.000023985547679,98.21428571428571,0.0007959536998847742
20,-0.00011608536754335676,0.02209079159157617,0.0009997759369081902,0.957836431363208,0.031619233654663265,1.000013425014913,98.21428571428571,0.0007745963223324385
21,-0.00010276585817337036,0.022088886371680667,0.00099977191021353,0.9578366011810746,0.03161916997983233,1.0000097557370151,98.21428571428571,0.0007525
22,-5.2226441247122625e-05,0.022081668887819563,0.0009997647145100683,0.9578369046456066,0.031619056192588486,1.0000026426943285,98.21428571428571,0.0007297252973710757
23,-0.00010160143886293684,0.02208870542900903,0.0009997654480445714,0.9578368737102427,0.0316190677921499,1.0000032258353062,98.21428571428571,0.0007063346383225212
24,-0.00010470300912857056,0.02208916949374335,0.0009997734741307798,0.9578365352259641,0.03161919471034612,1.000011311577899,98.21428571428571,0.0006823921350249237
25,-0.00012386803116117205,0.02209188150508063,0.0009997743970083,0.9578364963054339,0.03161920930397059,1.0000120315567724,98.21428571428571,0.000657963412215599
26,-0.00013278956924165999,0.02209317364862987,0.0009997798261559712,0.9578362673418911,0.03161929515590079,1.0000178654279028,98.21428571428571,0.0006331154273257478
27,-0.00013946316071919033,0.022094127322946275,0.000999781722745016,0.957836187357007,0.0316193251468942,1.000019442822252,98.21428571428571,0.0006079162869547908
28,-0.00017689274890082224,0.022099430007593974,0.000999787361737527,0.9578359495436741,0.03161941431680111,1.0000248282615627,98.21428571428571,0.0005824350601949143
29,-0.00019382046801703318,0.022101895085402896,0.0009997998610587239,0.9578354224095756,0.03161961196881967,1.0000373272757446,98.21428571428571,0.0005567415893174885
30,-0.00017570597784859792,0.02209929483277457,0.0009997914154060389,0.9578357785882388,0.03161947841767854,1.0000289983249135,98.21428571428571,0.0005309062983402572
31,-0.0001607505338532584,0.022097126713820865,0.000999783599986743,0.9578361081880579,0.031619354831918106,1.000021108825292,98.21428571428571,0.0005050000000000001
32,-0.00014156954629080637,0.022094445569174632,0.0009997832247038271,0.9578361240148711,0.03161934889753151,1.0000210356499468,98.21428571428571,0.00047909370165974294
33,-0.0001319508467401777,0.022093056568077633,0.000999779705710857,0.9578362724214251,0.03161929325128658,1.0000174473971128,98.21428571428571,0.00045325841068251166
34,-0.00015137557472501482,0.022095832441534315,0.0009997849547696955,0.9578360510527719,0.0316193762552283,1.0000224132090807,98.21428571428571,0.00042756493980508576
35,-0.00017367409808295115,0.022099017032555172,0.0009997924573772465,0.9578357346451682,0.03161949489440409,1.0000301360019617,98.21428571428571,0.0004020837130452091
36,-0.00016902280705315725,0.022098354995250702,0.0009997912252799018,0.9578357866064318,0.031619475411206646,1.000028663514448,98.21428571428571,0.00037688457267425233
37,-0.0001790385161127363,0.022099783377987996,0.0009997943494751535,0.957835654849689,0.03161952481418963,1.000032088054078,98.21428571428571,0.0003520365877844011
38,-0.00015913056475775584,0.022096939384937286,0.0009997876172215417,0.9578359387691421,0.03161941835678737,1.0000253154763155,98.21428571428571,0.00032760786497507637
39,-0.00018046796321868896,0.022099988801138743,0.0009997950017387933,0.9578356273417628,0.03161953512844225,1.000032871163317,98.21428571428571,0.000303665361677479
40,-0.00018523739916937693,0.022100668932710375,0.0009997966075789527,0.9578355596186368,0.03161956052159727,1.0000342634905661,98.21428571428571,0.0002802747026289244
41,-0.00019441651446478709,0.022101980234895433,0.0009998000924659983,0.9578354126504325,0.03161961562805592,1.0000379519270999,98.21428571428571,0.00025750000000000013
42,-0.0001968007002558027,0.02210232083286558,0.0009998010252005227,0.9578353733142025,0.03161963037735455,1.0000387707592122,98.21428571428571,0.00023540367766756176
43,-0.00020621823413031443,0.022103666194847653,0.0009998048206449894,0.9578352132488545,0.031619690394515086,1.0000423075897353,98.21428571428571,0.00021404630011522585
44,-0.00021098660571234568,0.022104347390787944,0.0009998068100326915,0.957835129350371,0.031619721852551005,1.0000444537560855,98.21428571428571,0.00019348640643033054
45,-0.00020562218768256052,0.022103581045355116,0.000999804575168969,0.9578352236013191,0.03161968651281934,1.00004217906722,98.21428571428571,0.00017378034985236535
46,-0.00019365549087524414,0.022101853575025285,0.0009997990862033695,0.9578354550875644,0.031619599716052216,1.0000368246941693,98.21428571428571,0.000154982143312659
47,-0.00020018965005874634,0.022102769996438707,0.0009998001918620453,0.9578354084586012,0.03161961719980249,1.000038169124829,98.21428571428571,0.00013714331138868995
48,-0.00020314433744975498,0.022103200001376017,0.0009998018611669934,0.9578353380589735,0.03161964359645746,1.0000398756404008,98.21428571428571,0.0001203127490787994
49,-0.0002006153975214277,0.02210286578961781,0.0009998025412226244,0.9578353093789751,0.031619654350144695,1.0000402922076839,98.21428571428571,0.00010453658778440107
50,-0.00020097302539008005,0.022102916879313334,0.000999802684841836,0.9578353033221194,0.031619656621187965,1.000040461043162,98.21428571428571,8.985806886701515e-05
51,-0.00020597981555121287,0.02210363213505064,0.000999804722369316,0.9578352173934362,0.03161968884048855,1.0000424305243152,98.21428571428571,7.631742512670284e-05
52,-0.00020621823413031443,0.022103666194847653,0.0009998048206449894,0.9578352132488545,0.031619690394515086,1.00004251966519,98.21428571428571,6.395177052675794e-05
53,-0.0002051453505243574,0.022103512925761088,0.0009998043792997433,0.9578352318617155,0.031619683415552144,1.0000420798148428,98.21428571428571,5.279499846691251e-05
54,-0.00020311879260199412,0.022103223417486464,0.0009998035519288098,0.9578352667544449,0.03161967033238661,1.000041224328535,98.21428571428571,4.287768888388513e-05
55,-0.00020288037402289255,0.02210318935768945,0.0009998034551310653,0.9578352708366978,0.03161966880172949,1.0000411438356553,98.21428571428571,3.4227024433899005e-05
56,-0.0002019266997064863,0.02210305311850139,0.000999803069076956,0.9578352871177648,0.03161966269707753,1.0000407618603535,98.21428571428571,2.6866715986911188e-05
57,-0.00020216511828558787,0.022103087178298404,0.000999803165419953,0.9578352830546898,0.03161966422054404,1.000040901957878,98.21428571428571,2.0816937636766185e-05
58,-0.00020168828112738474,0.022103019058704376,0.0009998029728476457,0.9578352911760453,0.03161966117540866,1.0000406966677733,98.21428571428571,1.609427140540686e-05
59,-0.00020156907183783396,0.022103002028805867,0.0009998029247756232,0.9578352932033875,0.031619660415248343,1.0000406087908362,98.21428571428571,1.2711661792704668e-05
60,-0.00020144986254828318,0.022102984998907362,0.0009998028767320224,0.9578352952295311,0.031619659655537445,1.000040598878903,98.21428571428571,1.0678380296485953e-05
