round,client_id,num_examples,learning_rate,local_online_r2,local_online_rmse_mps,local_online_standardized_mse,local_online_within_0_10_mps_pct,server_round
1,client_2,37,0.001,0.9376053869346244,0.0378774934706516,1.4350462674062598,97.2972972972973,1.0
1,client_0,37,0.001,0.971547403522389,0.02716881124626279,0.7383199720769316,100.0,1.0
1,client_1,38,0.001,0.9621387892990454,0.028918174238848446,0.8364588724155175,97.36842105263158,1.0
2,client_2,37,0.000999321619703514,0.9376829891172787,0.037853931415048926,1.4332603490030444,97.2972972972973,2.0
2,client_1,38,0.000999321619703514,0.9621224913724683,0.02892439770030755,0.8368192171972049,97.36842105263158,2.0
2,client_0,37,0.000999321619703514,0.971557787864721,0.027163852894150367,0.7380502771686863,100.0,2.0
3,client_2,37,0.0009972883382072953,0.9377790154969444,0.03782475497243282,1.4310522211363186,97.2972972972973,3.0
3,client_1,38,0.0009972883382072953,0.9621408492588036,0.028917387535459797,0.8364135638663643,97.36842105263158,3.0
3,client_0,37,0.0009972883382072953,0.9714995942288254,0.02719162773126409,0.7395605047082378,100.0,3.0
4,client_1,38,0.0009939057285945933,0.9621680720228648,0.028906989087985092,0.835812047123909,97.36842105263158,4.0
4,client_2,37,0.0009939057285945933,0.937769879132322,0.037827531913932795,1.4312631651960515,97.2972972972973,4.0
4,client_0,37,0.0009939057285945933,0.9715855532953309,0.027150590911813637,0.7373294963224514,100.0,4.0
5,client_2,37,0.0009891830623632338,0.9377788121776263,0.03782481677229962,1.4310578383203294,97.2972972972973,5.0
5,client_1,38,0.0009891830623632338,0.9621188202721414,0.028925799347313517,0.8369003597058748,97.36842105263158,5.0
5,client_0,37,0.0009891830623632338,0.971566769109481,0.027159563767962268,0.7378179225567225,100.0,5.0
6,client_2,37,0.0009831332840130886,0.9377600868172881,0.03783050800118344,1.4314883371462692,97.2972972972973,6.0
6,client_0,37,0.0009831332840130886,0.9715212389674922,0.02718130037893542,0.7389992588275188,100.0,6.0
6,client_1,38,0.0009831332840130886,0.9623044933330096,0.028854822954318373,0.8327977876914175,97.36842105263158,6.0
7,client_1,38,0.0009757729755661011,0.9621978965932263,0.028895592516907088,0.8351528275954095,97.36842105263158,7.0
7,client_2,37,0.0009757729755661011,0.9377743137934773,0.03782618405157328,1.4311609187641658,97.2972972972973,7.0
7,client_0,37,0.0009757729755661011,0.9715315733008049,0.02717636817515207,0.7387309354302045,100.0,7.0
8,client_0,37,0.0009671223111161148,0.9715462849833156,0.027169345276229374,0.738348737761781,100.0,8.0
8,client_1,38,0.0009671223111161148,0.9622037048761086,0.028893372531672644,0.835024860344435,97.36842105263158,8.0
8,client_2,37,0.0009671223111161148,0.937748833944835,0.03783392769298406,1.431746528962174,97.2972972972973,8.0
9,client_1,38,0.0009572050015330874,0.9622471806482242,0.028876750226318807,0.8340643032601005,97.36842105263158,9.0
9,client_2,37,0.0009572050015330874,0.9377489611080179,0.03783388905045388,1.4317441783039957,97.2972972972973,9.0
9,client_0,37,0.0009572050015330874,0.9714661675048623,0.027207568919765016,0.740427968469826,100.0,9.0
10,client_2,37,0.0009460482294732421,0.937546584829318,0.0378953375740007,1.4363981630351093,97.2972972972973,10.0
10,client_0,37,0.0009460482294732421,0.971469793210795,0.02720584027399086,0.7403337605096199,100.0,10.0
10,client_1,38,0.0009460482294732421,0.9622677479047913,0.028868883311312463,0.8336099302886348,97.36842105263158,10.0
11,client_0,37,0.0009336825748732972,0.9714701202703845,0.027205684334769654,0.7403251524838442,100.0,11.0
11,client_1,38,0.0009336825748732972,0.9623450664142447,0.0288392900118831,0.8319013581464165,97.36842105263158,11.0
11,client_2,37,0.0009336825748732972,0.93769638446974,0.03784986275066475,1.432953267484098,97.2972972972973,11.0
12,client_0,37,0.0009201419311329849,0.971490143730309,0.027196135616879436,0.7398055260245865,100.0,12.0
12,client_2,37,0.0009201419311329849,0.9377269230102999,0.037840585429964824,1.4322503676285614,97.2972972972973,12.0
12,client_1,38,0.0009201419311329849,0.9622152473821407,0.02888896036122923,0.8347693420946598,97.36842105263158,12.0
13,client_2,37,0.000905463412215599,0.937733859902645,0.037838477750445285,1.4320910943521035,97.2972972972973,13.0
13,client_1,38,0.000905463412215599,0.9622328856842043,0.028882216745699803,0.8343801945447922,97.36842105263158,13.0
13,client_0,37,0.000905463412215599,0.9715467245019702,0.027169135435788676,0.7383374161011463,100.0,13.0
14,client_1,38,0.0008896872509212006,0.9622092633885564,0.0288912478515208,0.8349020606593082,97.36842105263158,14.0
14,client_2,37,0.0008896872509212006,0.9377554916269087,0.03783190449395638,1.4315933581643008,97.2972972972973,14.0
14,client_0,37,0.0008896872509212006,0.9715205157821434,0.027181645495659094,0.7390172574165705,100.0,14.0
15,client_1,38,0.0008728566886113102,0.9622153960822631,0.02888890351559876,0.8347663671562546,97.36842105263158,15.0
15,client_2,37,0.0008728566886113102,0.9377208687718313,0.03784242483128486,1.4323895974336445,97.2972972972973,15.0
15,client_0,37,0.0008728566886113102,0.9715120370030326,0.027185691390862396,0.7392376418653372,100.0,15.0
16,client_1,38,0.000855017856687341,0.9621865587894335,0.028899925450365502,0.8354032592553842,97.36842105263158,16.0
16,client_0,37,0.000855017856687341,0.9714743196856531,0.02720368200998383,0.7402161828468781,100.0,16.0
16,client_2,37,0.000855017856687341,0.9377378695631078,0.03783725941660795,1.431999940324474,97.2972972972973,16.0
17,client_2,37,0.0008362196501476349,0.9377550265722613,0.03783204582265027,1.4316045895621583,97.2972972972973,17.0
17,client_1,38,0.0008362196501476349,0.9621037134851724,0.028931566489924055,0.837234303355217,97.36842105263158,17.0
17,client_0,37,0.0008362196501476349,0.9715558529862293,0.027164776835309108,0.7381001072684051,100.0,17.0
18,client_1,38,0.0008165135935696696,0.9621948846850994,0.02889674363190598,0.8352201647664371,97.36842105263158,18.0
18,client_0,37,0.0008165135935696696,0.971553207323709,0.027166040138455652,0.738169374095427,100.0,18.0
18,client_2,37,0.0008165135935696696,0.9376265432069179,0.037871071325642845,1.4345586138802606,97.2972972972973,18.0
19,client_0,37,0.0007959536998847742,0.97156026068405,0.02716267203029508,0.7379862578535402,100.0,19.0
19,client_1,38,0.0007959536998847742,0.962081506733555,0.028940042017170143,0.8377248146816304,97.36842105263158,19.0
19,client_2,37,0.0007959536998847742,0.9377014086671728,0.0378483366031406,1.432838108088519,97.2972972972973,19.0
20,client_2,37,0.0007745963223324385,0.9377675949100619,0.03782822615730193,1.431315088191548,97.2972972972973,20.0
20,client_0,37,0.0007745963223324385,0.9715448259859114,0.02717004183722459,0.7383870700823291,100.0,20.0
20,client_1,38,0.0007745963223324385,0.9621477397803744,0.028914755873815846,0.8362607572619852,97.36842105263158,20.0
21,client_2,37,0.0007525,0.9377618986356352,0.0378299573697333,1.4314469977005109,97.2972972972973,21.0
21,client_0,37,0.0007525,0.9715664927888704,0.027159695739053392,0.7378247142643541,100.0,21.0
21,client_1,38,0.0007525,0.9621857574291078,0.028900231679185633,0.8354212869154779,97.36842105263158,21.0
22,client_1,38,0.0007297252973710757,0.962136664453692,0.028918985699772706,0.8365058647958856,97.36842105263158,22.0
22,client_2,37,0.0007297252973710757,0.9377226223237959,0.037841892075575104,1.432349406988234,97.2972972972973,22.0
22,client_0,37,0.0007297252973710757,0.9715454154510421,0.02716976041432413,0.7383710668497795,100.0,22.0
23,client_1,38,0.0007063346383225212,0.9621355889715256,0.02891939640886748,0.8365299301712137,97.36842105263158,23.0
23,client_0,37,0.0007063346383225212,0.9715827331089326,0.02715193825156945,0.7374033408390509,100.0,23.0
23,client_2,37,0.0007063346383225212,0.937766603689657,0.037828527414824356,1.4313381845886644,97.2972972972973,23.0
24,client_2,37,0.0006823921350249237,0.9375431466064379,0.03789638067807397,1.4364775596438228,97.2972972972973,24.0
24,client_0,37,0.0006823921350249237,0.9715743992501672,0.027155919349254272,0.7376197906764778,100.0,24.0
24,client_1,38,0.0006823921350249237,0.9621476245222396,0.028914799895735206,0.8362637609243393,97.36842105263158,24.0
25,client_1,38,0.000657963412215599,0.9621700293403619,0.028906241295176254,0.8357688439519781,97.36842105263158,25.0
25,client_0,37,0.000657963412215599,0.9715647262251729,0.027160539437070707,0.737870636824015,100.0,25.0
25,client_2,37,0.000657963412215599,0.9377344738526291,0.03783829120451486,1.43207681103534,97.2972972972973,25.0
26,client_2,37,0.0006331154273257478,0.9377402329159489,0.03783654129435201,1.4319446521836359,97.2972972972973,26.0
26,client_1,38,0.0006331154273257478,0.9621680735313896,0.02890698851166092,0.835812686305297,97.36842105263158,26.0
26,client_0,37,0.0006331154273257478,0.9715232329056536,0.027180348814000103,0.7389476273108173,100.0,26.0
27,client_0,37,0.0006079162869547908,0.9715463262381483,0.027169325579905,0.738347930279938,100.0,27.0
27,client_1,38,0.0006079162869547908,0.9621821033020843,0.028901628012408975,0.8355024378550681,97.36842105263158,27.0
27,client_2,37,0.0006079162869547908,0.937766520760588,0.037828552619004925,1.4313405583537109,97.2972972972973,27.0
28,client_0,37,0.0005824350601949143,0.9715619229747098,0.02716187819538484,0.7379436726505691,100.0,28.0
28,client_1,38,0.0005824350601949143,0.9622066696054061,0.028892239316001087,0.8349598552051344,97.36842105263158,28.0
28,client_2,37,0.0005824350601949143,0.9377530808572005,0.037832637113818415,1.4316493953401979,97.2972972972973,28.0
29,client_0,37,0.0005567415893174885,0.9715408614916308,0.027171934493439423,0.7384897034514595,100.0,29.0
29,client_2,37,0.0005567415893174885,0.9377067186481725,0.037846723579261686,1.4327158948054184,97.2972972972973,29.0
29,client_1,38,0.0005567415893174885,0.9621877225279425,0.028899480737932026,0.8353780327658904,97.36842105263158,29.0
30,client_1,38,0.0005309062983402572,0.9622057917483128,0.028892574866079372,0.83497848322517,97.36842105263158,30.0
30,client_0,37,0.0005309062983402572,0.9715429413017936,0.027170941605021273,0.7384359830537358,100.0,30.0
30,client_2,37,0.0005309062983402572,0.9377569107783885,0.03783147321487105,1.4315610419757463,97.2972972972973,30.0
31,client_2,37,0.0005050000000000001,0.937753731696877,0.037832439328562534,1.4316340153281752,97.2972972972973,31.0
31,client_1,38,0.0005050000000000001,0.9621937214218341,0.028897188204836093,0.8352451657778338,97.36842105263158,31.0
31,client_0,37,0.0005050000000000001,0.9715523412131826,0.02716645369323671,0.7381923582304168,100.0,31.0
32,client_1,38,0.00047909370165974294,0.9621763350229854,0.02890383207866799,0.8356297721988276,97.36842105263158,32.0
32,client_2,37,0.00047909370165974294,0.9377644533172911,0.037829180960365354,1.4313880470958915,97.2972972972973,32.0
32,client_0,37,0.00047909370165974294,0.9715609606171047,0.02716233777672165,0.7379680904182228,100.0,32.0
33,client_1,38,0.00045325841068251166,0.9621896410263028,0.02889874758572061,0.8353358616954402,97.36842105263158,33.0
33,client_2,37,0.00045325841068251166,0.9377749570018358,0.03782598855207696,1.4311458258512053,97.2972972972973,33.0
33,client_0,37,0.00045325841068251166,0.9715595674826253,0.027163003065119352,0.7380046546459198,100.0,33.0
34,client_2,37,0.00042756493980508576,0.9377734856849321,0.037826435748934455,1.4311793559306376,97.2972972972973,34.0
34,client_0,37,0.00042756493980508576,0.9715552558504075,0.027165061972638054,0.7381163783925208,100.0,34.0
34,client_1,38,0.00042756493980508576,0.9622092068296211,0.02889126947133766,0.8349033652951843,97.36842105263158,34.0
35,client_1,38,0.0004020837130452091,0.962176405973613,0.028903804969370294,0.8356271562607664,97.36842105263158,35.0
35,client_2,37,0.0004020837130452091,0.9377452585102145,0.03783501418502236,1.4318294521119144,97.2972972972973,35.0
35,client_0,37,0.0004020837130452091,0.9715518633294509,0.027166681872853243,0.7382042838914974,100.0,35.0
36,client_2,37,0.00037688457267425233,0.9377684666906039,0.03782796119866064,1.4312946562579758,97.2972972972973,36.0
36,client_0,37,0.00037688457267425233,0.9715514838331849,0.02716686307312072,0.7382142570977276,100.0,36.0
36,client_1,38,0.00037688457267425233,0.9621951990158963,0.0288966235006055,0.8352125271370536,97.36842105263158,36.0
37,client_0,37,0.0003520365877844011,0.9715554896704601,0.027164950321971786,0.7381095636535335,100.0,37.0
37,client_1,38,0.0003520365877844011,0.9621982552889274,0.028895455424675823,0.835145139772641,97.36842105263158,37.0
37,client_2,37,0.0003520365877844011,0.9377585699423977,0.0378309689899213,1.4315220518289387,97.2972972972973,37.0
38,client_1,38,0.00032760786497507637,0.9622073539353848,0.02889197773657937,0.8349443932897166,97.36842105263158,38.0
38,client_2,37,0.00032760786497507637,0.9377477100228064,0.03783426923030397,1.4317732429182208,97.2972972972973,38.0
38,client_0,37,0.00032760786497507637,0.9715486185801477,0.027168231122979968,0.7382889228646417,100.0,38.0
39,client_0,37,0.000303665361677479,0.9715473562515401,0.027168833815244094,0.738321648407224,100.0,39.0
39,client_1,38,0.000303665361677479,0.9622060623449797,0.028892471434246645,0.8349729039167103,97.36842105263158,39.0
39,client_2,37,0.000303665361677479,0.9377671161859257,0.03782837165425035,1.4313264498235405,97.2972972972973,39.0
40,client_1,38,0.0002802747026289244,0.9622051192791241,0.02889283190652089,0.8349937102512309,97.36842105263158,40.0
40,client_0,37,0.0002802747026289244,0.9715539145715799,0.027165702433539538,0.738150888600865,100.0,40.0
40,client_2,37,0.0002802747026289244,0.9377619675499741,0.03782993642575229,1.4314440766701828,97.2972972972973,40.0
41,client_0,37,0.00025750000000000013,0.9715435979012013,0.027170628141018133,0.7384186018560384,100.0,41.0
41,client_2,37,0.00025750000000000013,0.9377575778047293,0.03783127050436081,1.4315453042603425,97.2972972972973,41.0
41,client_1,38,0.00025750000000000013,0.962197025695407,0.02889592536827387,0.8351720751900422,97.36842105263158,41.0
42,client_1,38,0.00023540367766756176,0.9622055330866626,0.028892673735570924,0.8349845609382579,97.36842105263158,42.0
42,client_2,37,0.00023540367766756176,0.9377621968489697,0.03782986673866488,1.4314398258119017,97.2972972972973,42.0
42,client_0,37,0.00023540367766756176,0.9715445698241267,0.027170164133274118,0.7383935303502792,100.0,42.0
43,client_2,37,0.00021404630011522585,0.9377499954289819,0.0378335747380517,1.4317194706684835,97.2972972972973,43.0
43,client_0,37,0.00021404630011522585,0.9715465100595004,0.027169237817771495,0.7383432646055479,100.0,43.0
43,client_1,38,0.00021404630011522585,0.9622093159621264,0.02889122775510689,0.834900471724962,97.36842105263158,43.0
44,client_1,38,0.00019348640643033054,0.9622160499333439,0.028888653557672228,0.8347514012926504,97.36842105263158,44.0
44,client_2,37,0.00019348640643033054,0.9377575684032757,0.03783127336148708,1.4315458503929344,97.2972972972973,44.0
44,client_0,37,0.00019348640643033054,0.9715389557503982,0.027172844250582154,0.7385389882869817,100.0,44.0
45,client_2,37,0.00017378034985236535,0.937758976369286,0.0378308454745386,1.4315136779804487,97.2972972972973,45.0
45,client_1,38,0.00017378034985236535,0.96221190876411,0.028890236630978613,0.8348435835765773,97.36842105263158,45.0
45,client_0,37,0.00017378034985236535,0.9715453354368095,0.027169798614952154,0.7383736131360402,100.0,45.0
46,client_1,38,0.000154982143312659,0.9622083287060634,0.02889160513453532,0.8349228838556692,97.36842105263158,46.0
46,client_2,37,0.000154982143312659,0.9377574025815844,0.03783132375509636,1.4315501928732202,97.2972972972973,46.0
46,client_0,37,0.000154982143312659,0.9715475280138564,0.027168751809000524,0.7383167030843528,100.0,46.0
47,client_1,38,0.00013714331138868995,0.9622098934556822,0.02889100700544316,0.834888117093789,97.36842105263158,47.0
47,client_0,37,0.00013714331138868995,0.9715407376159346,0.027171993629780428,0.7384927635257309,100.0,47.0
47,client_2,37,0.00013714331138868995,0.9377617000727745,0.03783001771555363,1.4314509268749405,97.2972972972973,47.0
48,client_1,38,0.0001203127490787994,0.9622156011016759,0.028888825139839144,0.8347616026079968,97.36842105263158,48.0
48,client_2,37,0.0001203127490787994,0.937764188372567,0.03782926148212323,1.4313929803367402,97.2972972972973,48.0
48,client_0,37,0.0001203127490787994,0.9715458572404537,0.027169549492969094,0.7383599579334259,100.0,48.0
49,client_1,38,0.00010453658778440107,0.9622082724055161,0.02889162665531652,0.8349240547732303,97.36842105263158,49.0
49,client_0,37,0.00010453658778440107,0.9715485569945475,0.027168260527016486,0.7382899667765643,100.0,49.0
49,client_2,37,0.00010453658778440107,0.9377605006047499,0.037830382247345536,1.4314785833294328,97.2972972972973,49.0
50,client_2,37,8.985806886701515e-05,0.9377628890322652,0.03782965637395639,1.4314242704091846,97.2972972972973,50.0
50,client_1,38,8.985806886701515e-05,0.9622106006106798,0.02889073668977808,0.8348725892995533,97.36842105263158,50.0
50,client_0,37,8.985806886701515e-05,0.9715475493772653,0.027168741609231852,0.7383164046583949,100.0,50.0
51,client_2,37,7.631742512670284e-05,0.9377601135423015,0.03783049987921722,1.4314877036455516,97.2972972972973,51.0
51,client_0,37,7.631742512670284e-05,0.9715468918498409,0.02716905553806919,0.7383330840919469,100.0,51.0
51,client_1,38,7.631742512670284e-05,0.9622106745731929,0.02889070841686861,0.8348710831058653,97.36842105263158,51.0
52,client_0,37,6.395177052675794e-05,0.9715462104609985,0.02716938085543643,0.7383503978316849,100.0,52.0
52,client_1,38,6.395177052675794e-05,0.9622118016390091,0.028890277581278323,0.8348459130839297,97.36842105263158,52.0
52,client_2,37,6.395177052675794e-05,0.9377618262219483,0.03782997937720005,1.4314479715115316,97.2972972972973,52.0
53,client_2,37,5.279499846691251e-05,0.9377605680464898,0.03783036175113724,1.4314772263169289,97.2972972972973,53.0
53,client_1,38,5.279499846691251e-05,0.9622125310228081,0.028889998761395187,0.8348297633622822,97.36842105263158,53.0
53,client_0,37,5.279499846691251e-05,0.9715468130922003,0.027169093139747393,0.7383351543465176,100.0,53.0
54,client_1,38,4.287768888388513e-05,0.9622111796301657,0.02889051535305597,0.834859515099149,97.36842105263158,54.0
54,client_2,37,4.287768888388513e-05,0.9377617911695054,0.03782999003009137,1.431449685547803,97.2972972972973,54.0
54,client_0,37,4.287768888388513e-05,0.9715483014186433,0.02716838255135726,0.7382966549815358,100.0,54.0
55,client_0,37,3.4227024433899005e-05,0.9715482306417482,0.02716841634358519,0.7382982990293877,100.0,55.0
55,client_2,37,3.4227024433899005e-05,0.937762493697475,0.037829776522170906,1.4314327978000447,97.2972972972973,55.0
55,client_1,38,3.4227024433899005e-05,0.9622101370777485,0.028890913879241475,0.8348829510964846,97.36842105263158,55.0
56,client_0,37,2.6866715986911188e-05,0.971548190156463,0.02716843567315099,0.7382994113817207,100.0,56.0
56,client_1,38,2.6866715986911188e-05,0.9622102202321935,0.028890882092817198,0.8348805473039025,97.36842105263158,56.0
56,client_2,37,2.6866715986911188e-05,0.9377637513083609,0.037829394313901914,1.4314041250460856,97.2972972972973,56.0
57,client_2,37,2.0816937636766185e-05,0.9377635774078692,0.03782944716530131,1.4314081330557127,97.2972972972973,57.0
57,client_0,37,2.0816937636766185e-05,0.9715486789911593,0.02716820227971976,0.7382867638072049,100.0,57.0
57,client_1,38,2.0816937636766185e-05,0.9622100983092532,0.02889092869878413,0.8348838153638338,97.36842105263158,57.0
58,client_1,38,1.609427140540686e-05,0.962209805278561,0.028891040711677057,0.834890247175568,97.36842105263158,58.0
58,client_2,37,1.609427140540686e-05,0.9377633187059486,0.037829525789200784,1.4314137626741383,97.2972972972973,58.0
58,client_0,37,1.609427140540686e-05,0.9715485028240206,0.027168286390700895,0.7382917210610734,100.0,58.0
59,client_0,37,1.2711661792704668e-05,0.9715485712906746,0.02716825370133535,0.7382898354852522,100.0,59.0
59,client_2,37,1.2711661792704668e-05,0.9377633895488209,0.03782950425886716,1.4314116223438367,97.2972972972973,59.0
59,client_1,38,1.2711661792704668e-05,0.9622095768036938,0.028891128047383623,0.8348955919868067,97.36842105263158,59.0
60,client_0,37,1.0678380296485953e-05,0.9715487365580876,0.027168174794339653,0.7382857332358489,100.0,60.0
60,client_2,37,1.0678380296485953e-05,0.9377634710495546,0.03782947948941603,1.431410270768243,97.2972972972973,60.0
60,client_1,38,1.0678380296485953e-05,0.9622099480001359,0.028890986155478623,0.8348872583163413,97.36842105263158,60.0
