run_uid,client_id
test_2:001:000,client_1
test_2:001:001,client_1
test_2:001:002,client_1
test_2:001:003,client_0
test_2:001:005,client_1
test_2:001:006,client_2
test_2:001:007,client_1
test_2:001:008,client_2
test_2:001:010,client_0
test_2:001:011,client_0
test_2:001:012,client_2
test_2:001:013,client_0
test_2:001:015,client_2
test_2:001:016,client_2
test_2:001:017,client_1
test_2:001:018,client_0
test_2:001:019,client_0
test_2:002:000,client_1
test_2:002:001,client_0
test_2:002:002,client_0
test_2:002:003,client_2
test_2:002:004,client_2
test_2:002:005,client_2
test_2:002:007,client_2
test_2:002:008,client_1
test_2:002:009,client_1
test_2:002:010,client_1
test_2:002:011,client_1
test_2:002:013,client_0
test_2:002:014,client_0
test_2:002:017,client_2
test_2:002:018,client_0
test_2:002:019,client_0
test_2:002:020,client_1
test_2:002:021,client_2
test_2:003:000,client_1
test_2:003:001,client_1
test_2:003:002,client_0
test_2:003:003,client_0
test_2:003:004,client_1
test_2:003:005,client_2
test_2:003:007,client_2
test_2:003:008,client_2
test_2:003:009,client_0
test_2:003:010,client_1
test_2:003:012,client_2
test_2:003:014,client_0
test_2:003:015,client_0
test_2:003:016,client_1
test_2:003:017,client_2
test_2:003:019,client_1
test_2:003:020,client_2
testing_20251124:003:001,client_2
testing_20251124:003:002,client_2
testing_20251124:003:003,client_2
testing_20251124:003:004,client_0
testing_20251124:003:006,client_0
testing_20251124:003:007,client_1
testing_20251124:003:008,client_2
testing_20251124:003:009,client_1
testing_20251124:003:010,client_1
testing_20251124:003:011,client_0
testing_20251124:003:013,client_0
testing_20251124:003:014,client_1
testing_20251124:004:000,client_2
testing_20251124:004:001,client_2
testing_20251124:004:002,client_1
testing_20251124:004:004,client_2
testing_20251124:004:005,client_0
testing_20251124:004:007,client_0
testing_20251124:004:008,client_0
testing_20251124:004:009,client_1
testing_20251124:004:010,client_0
testing_20251124:004:011,client_1
testing_20251124:004:012,client_1
testing_20251124:004:013,client_2
testing_20251124:005:000,client_2
testing_20251124:005:002,client_1
testing_20251124:005:005,client_0
testing_20251124:005:006,client_0
testing_20251124:005:007,client_1
testing_20251124:005:010,client_0
testing_20251124:005:011,client_0
testing_20251124:005:012,client_0
testing_20251124:005:013,client_2
testing_20251124:005:014,client_2
testing_20251124:005:015,client_1
testing_20251124:005:016,client_1
testing_20251124:005:017,client_2
testing_20251124:007:000,client_2
testing_20251124:007:001,client_0
testing_20251124:007:003,client_1
testing_20251124:007:004,client_0
testing_20251124:007:005,client_2
testing_20251124:007:006,client_1
testing_20251124:007:007,client_0
testing_20251124:007:009,client_1
testing_20251124:007:010,client_1
testing_20251124:007:013,client_2
testing_20251124:007:014,client_2
testing_20251124:008:000,client_1
testing_20251124:008:001,client_1
testing_20251124:008:002,client_0
testing_20251124:008:003,client_2
testing_20251124:008:004,client_1
testing_20251124:008:007,client_1
testing_20251124:008:009,client_0
testing_20251124:008:010,client_2
testing_20251124:008:013,client_2
testing_20251124:008:014,client_0
testing_20251124:008:016,client_2
testing_20251124:008:017,client_0
