source_id,subject_id,run_index,run_uid,hdf5_path,metadata_sample_rate,effective_sample_rate,raw_num_samples,no_step_start,no_step_end,data_start,data_end,skip_run,excluded,direction,split,speed_left_mps,speed_right_mps,speed_mps,apdm_record_datetime,apdm_file_name,speed_label_path,walking_windows
test_2,001,0,test_2:001:000,/home/coder/workspace/Federated-learning-floor-vibration-classification-and-regression-analysis/TestData/Test_2/data/walking_hallway_single_person_APDM_001.hdf5,1652.0,1706.667,49560,1.0,8.0,15.0,0.0,False,False,single_direction_unknown,train,1.15,1.18,1.165,20240406-004501EDT,20240406-004501_MLK_Walk.h5,/home/coder/workspace/Federated-learning-floor-vibration-classification-and-regression-analysis/TestData/Test_2/APDM_data_fixed_step/sub_001_data/MLK Walk_trials_001_fixedstep.csv,10
test_2,001,1,test_2:001:001,/home/coder/workspace/Federated-learning-floor-vibration-classification-and-regression-analysis/TestData/Test_2/data/walking_hallway_single_person_APDM_001.hdf5,1652.0,1706.667,49560,1.0,8.0,14.5,0.0,False,False,single_direction_unknown,train,1.14,1.15,1.145,20240406-004637EDT,20240406-004637_MLK_Walk.h5,/home/coder/workspace/Federated-learning-floor-vibration-classification-and-regression-analysis/TestData/Test_2/APDM_data_fixed_step/sub_001_data/MLK Walk_trials_001_fixedstep.csv,10
test_2,001,2,test_2:001:002,/home/coder/workspace/Federated-learning-floor-vibration-classification-and-regression-analysis/TestData/Test_2/data/walking_hallway_single_person_APDM_001.hdf5,1652.0,1706.667,49560,1.0,8.0,15.0,0.0,False,False,single_direction_unknown,train,1.13,1.14,1.1349999999999998,20240406-004819EDT,20240406-004819_MLK_Walk.h5,/home/coder/workspace/Federated-learning-floor-vibration-classification-and-regression-analysis/TestData/Test_2/APDM_data_fixed_step/sub_001_data/MLK Walk_trials_001_fixedstep.csv,10
test_2,001,3,test_2:001:003,/home/coder/workspace/Federated-learning-floor-vibration-classification-and-regression-analysis/TestData/Test_2/data/walking_hallway_single_person_APDM_001.hdf5,1652.0,1706.667,49560,1.0,8.0,10.5,24.0,False,False,single_direction_unknown,train,1.12,1.15,1.135,20240406-004925EDT,20240406-004925_MLK_Walk.h5,/home/coder/workspace/Federated-learning-floor-vibration-classification-and-regression-analysis/TestData/Test_2/APDM_data_fixed_step/sub_001_data/MLK Walk_trials_001_fixedstep.csv,9
test_2,001,4,test_2:001:004,/home/coder/workspace/Federated-learning-floor-vibration-classification-and-regression-analysis/TestData/Test_2/data/walking_hallway_single_person_APDM_001.hdf5,1652.0,1706.667,49560,1.0,8.0,14.5,24.5,False,False,single_direction_unknown,test,1.17,1.18,1.1749999999999998,20240406-005055EDT,20240406-005055_MLK_Walk.h5,/home/coder/workspace/Federated-learning-floor-vibration-classification-and-regression-analysis/TestData/Test_2/APDM_data_fixed_step/sub_001_data/MLK Walk_trials_001_fixedstep.csv,6
test_2,001,5,test_2:001:005,/home/coder/workspace/Federated-learning-floor-vibration-classification-and-regression-analysis/TestData/Test_2/data/walking_hallway_single_person_APDM_001.hdf5,1652.0,1706.667,49560,1.0,8.0,14.0,24.0,False,False,single_direction_unknown,train,1.13,1.14,1.1349999999999998,20240406-005157EDT,20240406-005157_MLK_Walk.h5,/home/coder/workspace/Federated-learning-floor-vibration-classification-and-regression-analysis/TestData/Test_2/APDM_data_fixed_step/sub_001_data/MLK Walk_trials_001_fixedstep.csv,6
test_2,001,6,test_2:001:006,/home/coder/workspace/Federated-learning-floor-vibration-classification-and-regression-analysis/TestData/Test_2/data/walking_hallway_single_person_APDM_001.hdf5,1652.0,1706.667,49560,1.0,8.0,9.5,23.0,False,False,single_direction_unknown,train,1.13,1.14,1.1349999999999998,20240406-005506EDT,20240406-005506_MLK_Walk.h5,/home/coder/workspace/Federated-learning-floor-vibration-classification-and-regression-analysis/TestData/Test_2/APDM_data_fixed_step/sub_001_data/MLK Walk_trials_001_fixedstep.csv,9
test_2,001,7,test_2:001:007,/home/coder/workspace/Federated-learning-floor-vibration-classification-and-regression-analysis/TestData/Test_2/data/walking_hallway_single_person_APDM_001.hdf5,1652.0,1706.667,49560,1.0,8.0,10.5,24.0,False,False,single_direction_unknown,train,1.12,1.15,1.135,20240406-005606EDT,20240406-005606_MLK_Walk.h5,/home/coder/workspace/Federated-learning-floor-vibration-classification-and-regression-analysis/TestData/Test_2/APDM_data_fixed_step/sub_001_data/MLK Walk_trials_001_fixedstep.csv,9
test_2,001,8,test_2:001:008,/home/coder/workspace/Federated-learning-floor-vibration-classification-and-regression-analysis/TestData/Test_2/data/walking_hallway_single_person_APDM_001.hdf5,1652.0,1706.667,49560,1.0,8.0,10.5,24.5,False,False,single_direction_unknown,train,1.14,1.15,1.145,20240406-005707EDT,20240406-005707_MLK_Walk.h5,/home/coder/workspace/Federated-learning-floor-vibration-classification-and-regression-analysis/TestData/Test_2/APDM_data_fixed_step/sub_001_data/MLK Walk_trials_001_fixedstep.csv,10
test_2,001,9,test_2:001:009,/home/coder/workspace/Federated-learning-floor-vibration-classification-and-regression-analysis/TestData/Test_2/data/walking_hallway_single_person_APDM_001.hdf5,1652.0,1706.667,49560,1.0,8.0,16.25,0.0,False,False,single_direction_unknown,test,1.13,1.15,1.14,20240406-005814EDT,20240406-005814_MLK_Walk.h5,/home/coder/workspace/Federated-learning-floor-vibration-classification-and-regression-analysis/TestData/Test_2/APDM_data_fixed_step/sub_001_data/MLK Walk_trials_001_fixedstep.csv,8
test_2,001,10,test_2:001:010,/home/coder/workspace/Federated-learning-floor-vibration-classification-and-regression-analysis/TestData/Test_2/data/walking_hallway_single_person_APDM_001.hdf5,1652.0,1706.667,49560,1.0,8.0,11.25,25.0,False,False,single_direction_unknown,train,1.13,1.15,1.14,20240406-005921EDT,20240406-005921_MLK_Walk.h5,/home/coder/workspace/Federated-learning-floor-vibration-classification-and-regression-analysis/TestData/Test_2/APDM_data_fixed_step/sub_001_data/MLK Walk_trials_001_fixedstep.csv,9
test_2,001,11,test_2:001:011,/home/coder/workspace/Federated-learning-floor-vibration-classification-and-regression-analysis/TestData/Test_2/data/walking_hallway_single_person_APDM_001.hdf5,1652.0,1706.667,49560,1.0,8.0,10.25,24.0,False,False,single_direction_unknown,train,1.12,1.13,1.125,20240406-010022EDT,20240406-010022_MLK_Walk.h5,/home/coder/workspace/Federated-learning-floor-vibration-classification-and-regression-analysis/TestData/Test_2/APDM_data_fixed_step/sub_001_data/MLK Walk_trials_001_fixedstep.csv,9
test_2,001,12,test_2:001:012,/home/coder/workspace/Federated-learning-floor-vibration-classification-and-regression-analysis/TestData/Test_2/data/walking_hallway_single_person_APDM_001.hdf5,1652.0,1706.667,49560,1.0,8.0,10.5,24.0,False,False,single_direction_unknown,train,1.12,1.14,1.13,20240406-010127EDT,20240406-010127_MLK_Walk.h5,/home/coder/workspace/Federated-learning-floor-vibration-classification-and-regression-analysis/TestData/Test_2/APDM_data_fixed_step/sub_001_data/MLK Walk_trials_001_fixedstep.csv,9
test_2,001,13,test_2:001:013,/home/coder/workspace/Federated-learning-floor-vibration-classification-and-regression-analysis/TestData/Test_2/data/walking_hallway_single_person_APDM_001.hdf5,1652.0,1706.667,49560,1.0,8.0,10.5,24.0,False,False,single_direction_unknown,train,1.12,1.14,1.13,20240406-010225EDT,20240406-010225_MLK_Walk.h5,/home/coder/workspace/Federated-learning-floor-vibration-classification-and-regression-analysis/TestData/Test_2/APDM_data_fixed_step/sub_001_data/MLK Walk_trials_001_fixedstep.csv,9
test_2,001,14,test_2:001:014,/home/coder/workspace/Federated-learning-floor-vibration-classification-and-regression-analysis/TestData/Test_2/data/walking_hallway_single_person_APDM_001.hdf5,1652.0,1706.667,49560,1.0,8.0,10.25,23.5,False,False,single_direction_unknown,test,1.11,1.13,1.12,20240406-010322EDT,20240406-010322_MLK_Walk.h5,/home/coder/workspace/Federated-learning-floor-vibration-classification-and-regression-analysis/TestData/Test_2/APDM_data_fixed_step/sub_001_data/MLK Walk_trials_001_fixedstep.csv,9
test_2,001,15,test_2:001:015,/home/coder/workspace/Federated-learning-floor-vibration-classification-and-regression-analysis/TestData/Test_2/data/walking_hallway_single_person_APDM_001.hdf5,1652.0,1706.667,49560,1.0,8.0,10.5,24.5,False,False,single_direction_unknown,train,1.11,1.12,1.1150000000000002,20240406-010424EDT,20240406-010424_MLK_Walk.h5,/home/coder/workspace/Federated-learning-floor-vibration-classification-and-regression-analysis/TestData/Test_2/APDM_data_fixed_step/sub_001_data/MLK Walk_trials_001_fixedstep.csv,10
test_2,001,16,test_2:001:016,/home/coder/workspace/Federated-learning-floor-vibration-classification-and-regression-analysis/TestData/Test_2/data/walking_hallway_single_person_APDM_001.hdf5,1652.0,1706.667,49560,1.0,8.0,10.5,24.0,False,False,single_direction_unknown,train,1.13,1.15,1.14,20240406-010519EDT,20240406-010519_MLK_Walk.h5,/home/coder/workspace/Federated-learning-floor-vibration-classification-and-regression-analysis/TestData/Test_2/APDM_data_fixed_step/sub_001_data/MLK Walk_trials_001_fixedstep.csv,9
test_2,001,17,test_2:001:017,/home/coder/workspace/Federated-learning-floor-vibration-classification-and-regression-analysis/TestData/Test_2/data/walking_hallway_single_person_APDM_001.hdf5,1652.0,1706.667,49560,1.0,8.0,11.0,25.0,False,False,single_direction_unknown,train,1.11,1.14,1.125,20240406-010616EDT,20240406-010616_MLK_Walk.h5,/home/coder/workspace/Federated-learning-floor-vibration-classification-and-regression-analysis/TestData/Test_2/APDM_data_fixed_step/sub_001_data/MLK Walk_trials_001_fixedstep.csv,10
test_2,001,18,test_2:001:018,/home/coder/workspace/Federated-learning-floor-vibration-classification-and-regression-analysis/TestData/Test_2/data/walking_hallway_single_person_APDM_001.hdf5,1652.0,1706.667,49560,1.0,8.0,10.5,24.0,False,False,single_direction_unknown,train,1.13,1.15,1.14,20240406-010709EDT,20240406-010709_MLK_Walk.h5,/home/coder/workspace/Federated-learning-floor-vibration-classification-and-regression-analysis/TestData/Test_2/APDM_data_fixed_step/sub_001_data/MLK Walk_trials_001_fixedstep.csv,9
test_2,001,19,test_2:001:019,/home/coder/workspace/Federated-learning-floor-vibration-classification-and-regression-analysis/TestData/Test_2/data/walking_hallway_single_person_APDM_001.hdf5,1652.0,1706.667,49560,1.0,8.0,9.5,23.0,False,False,single_direction_unknown,train,1.16,1.17,1.165,20240406-011006EDT,20240406-011006_MLK_Walk.h5,/home/coder/workspace/Federated-learning-floor-vibration-classification-and-regression-analysis/TestData/Test_2/APDM_data_fixed_step/sub_001_data/MLK Walk_trials_001_fixedstep.csv,9
test_2,001,20,test_2:001:020,/home/coder/workspace/Federated-learning-floor-vibration-classification-and-regression-analysis/TestData/Test_2/data/walking_hallway_single_person_APDM_001.hdf5,1652.0,1706.667,49560,1.0,8.0,10.5,24.0,False,False,single_direction_unknown,test,1.14,1.15,1.145,20240406-011106EDT,20240406-011106_MLK_Walk.h5,/home/coder/workspace/Federated-learning-floor-vibration-classification-and-regression-analysis/TestData/Test_2/APDM_data_fixed_step/sub_001_data/MLK Walk_trials_001_fixedstep.csv,9
test_2,002,0,test_2:002:000,/home/coder/workspace/Federated-learning-floor-vibration-classification-and-regression-analysis/TestData/Test_2/data/walking_hallway_single_person_APDM_002.hdf5,1652.0,1706.667,49560,1.0,8.0,8.5,21.0,False,False,single_direction_unknown,train,1.25,1.25,1.25,20240406-111810PDT,20240406-111810_MLK_Walk.h5,/home/coder/workspace/Federated-learning-floor-vibration-classification-and-regression-analysis/TestData/Test_2/APDM_data_fixed_step/sub_002_data/MLK Walk_trials_002_fixedstep.csv,8
test_2,002,1,test_2:002:001,/home/coder/workspace/Federated-learning-floor-vibration-classification-and-regression-analysis/TestData/Test_2/data/walking_hallway_single_person_APDM_002.hdf5,1652.0,1706.667,49560,1.0,8.0,10.5,24.0,False,False,single_direction_unknown,train,1.23,1.24,1.2349999999999999,20240406-112238PDT,20240406-112238_MLK_Walk.h5,/home/coder/workspace/Federated-learning-floor-vibration-classification-and-regression-analysis/TestData/Test_2/APDM_data_fixed_step/sub_002_data/MLK Walk_trials_002_fixedstep.csv,9
test_2,002,2,test_2:002:002,/home/coder/workspace/Federated-learning-floor-vibration-classification-and-regression-analysis/TestData/Test_2/data/walking_hallway_single_person_APDM_002.hdf5,1652.0,1706.667,49560,1.0,8.0,9.5,22.0,False,False,single_direction_unknown,train,1.24,1.23,1.2349999999999999,20240406-112340PDT,20240406-112340_MLK_Walk.h5,/home/coder/workspace/Federated-learning-floor-vibration-classification-and-regression-analysis/TestData/Test_2/APDM_data_fixed_step/sub_002_data/MLK Walk_trials_002_fixedstep.csv,8
test_2,002,3,test_2:002:003,/home/coder/workspace/Federated-learning-floor-vibration-classification-and-regression-analysis/TestData/Test_2/data/walking_hallway_single_person_APDM_002.hdf5,1652.0,1706.667,49560,1.0,8.0,8.0,20.0,False,False,single_direction_unknown,train,1.25,1.24,1.245,20240406-112539PDT,20240406-112539_MLK_Walk.h5,/home/coder/workspace/Federated-learning-floor-vibration-classification-and-regression-analysis/TestData/Test_2/APDM_data_fixed_step/sub_002_data/MLK Walk_trials_002_fixedstep.csv,8
test_2,002,4,test_2:002:004,/home/coder/workspace/Federated-learning-floor-vibration-classification-and-regression-analysis/TestData/Test_2/data/walking_hallway_single_person_APDM_002.hdf5,1652.0,1706.667,49560,1.0,8.0,16.0,0.0,False,False,single_direction_unknown,train,1.23,1.23,1.23,20240406-112636PDT,20240406-112636_MLK_Walk.h5,/home/coder/workspace/Federated-learning-floor-vibration-classification-and-regression-analysis/TestData/Test_2/APDM_data_fixed_step/sub_002_data/MLK Walk_trials_002_fixedstep.csv,9
test_2,002,5,test_2:002:005,/home/coder/workspace/Federated-learning-floor-vibration-classification-and-regression-analysis/TestData/Test_2/data/walking_hallway_single_person_APDM_002.hdf5,1652.0,1706.667,49560,1.0,8.0,10.0,23.0,False,False,single_direction_unknown,train,1.26,1.25,1.255,20240406-112734PDT,20240406-112734_MLK_Walk.h5,/home/coder/workspace/Federated-learning-floor-vibration-classification-and-regression-analysis/TestData/Test_2/APDM_data_fixed_step/sub_002_data/MLK Walk_trials_002_fixedstep.csv,9
test_2,002,6,test_2:002:006,/home/coder/workspace/Federated-learning-floor-vibration-classification-and-regression-analysis/TestData/Test_2/data/walking_hallway_single_person_APDM_002.hdf5,1652.0,1706.667,49560,1.0,8.0,10.0,23.0,False,False,single_direction_unknown,test,1.26,1.24,1.25,20240406-112820PDT,20240406-112820_MLK_Walk.h5,/home/coder/workspace/Federated-learning-floor-vibration-classification-and-regression-analysis/TestData/Test_2/APDM_data_fixed_step/sub_002_data/MLK Walk_trials_002_fixedstep.csv,9
test_2,002,7,test_2:002:007,/home/coder/workspace/Federated-learning-floor-vibration-classification-and-regression-analysis/TestData/Test_2/data/walking_hallway_single_person_APDM_002.hdf5,1652.0,1706.667,49560,1.0,8.0,9.0,21.0,False,False,single_direction_unknown,train,1.24,1.23,1.2349999999999999,20240406-112920PDT,20240406-112920_MLK_Walk.h5,/home/coder/workspace/Federated-learning-floor-vibration-classification-and-regression-analysis/TestData/Test_2/APDM_data_fixed_step/sub_002_data/MLK Walk_trials_002_fixedstep.csv,8
test_2,002,8,test_2:002:008,/home/coder/workspace/Federated-learning-floor-vibration-classification-and-regression-analysis/TestData/Test_2/data/walking_hallway_single_person_APDM_002.hdf5,1652.0,1706.667,49560,1.0,8.0,9.25,22.0,False,False,single_direction_unknown,train,1.23,1.23,1.23,20240406-113050PDT,20240406-113050_MLK_Walk.h5,/home/coder/workspace/Federated-learning-floor-vibration-classification-and-regression-analysis/TestData/Test_2/APDM_data_fixed_step/sub_002_data/MLK Walk_trials_002_fixedstep.csv,8
test_2,002,9,test_2:002:009,/home/coder/workspace/Federated-learning-floor-vibration-classification-and-regression-analysis/TestData/Test_2/data/walking_hallway_single_person_APDM_002.hdf5,1652.0,1706.667,49560,1.0,8.0,8.5,21.25,False,False,single_direction_unknown,train,1.25,1.23,1.24,20240406-113139PDT,20240406-113139_MLK_Walk.h5,/home/coder/workspace/Federated-learning-floor-vibration-classification-and-regression-analysis/TestData/Test_2/APDM_data_fixed_step/sub_002_data/MLK Walk_trials_002_fixedstep.csv,8
test_2,002,10,test_2:002:010,/home/coder/workspace/Federated-learning-floor-vibration-classification-and-regression-analysis/TestData/Test_2/data/walking_hallway_single_person_APDM_002.hdf5,1652.0,1706.667,49560,1.0,8.0,9.5,22.0,False,False,single_direction_unknown,train,1.27,1.24,1.255,20240406-113230PDT,20240406-113230_MLK_Walk.h5,/home/coder/workspace/Federated-learning-floor-vibration-classification-and-regression-analysis/TestData/Test_2/APDM_data_fixed_step/sub_002_data/MLK Walk_trials_002_fixedstep.csv,8
test_2,002,11,test_2:002:011,/home/coder/workspace/Federated-learning-floor-vibration-classification-and-regression-analysis/TestData/Test_2/data/walking_hallway_single_person_APDM_002.hdf5,1652.0,1706.667,49560,1.0,8.0,10.0,22.75,False,False,single_direction_unknown,train,1.25,1.24,1.245,20240406-113324PDT,20240406-113324_MLK_Walk.h5,/home/coder/workspace/Federated-learning-floor-vibration-classification-and-regression-analysis/TestData/Test_2/APDM_data_fixed_step/sub_002_data/MLK Walk_trials_002_fixedstep.csv,8
test_2,002,12,test_2:002:012,/home/coder/workspace/Federated-learning-floor-vibration-classification-and-regression-analysis/TestData/Test_2/data/walking_hallway_single_person_APDM_002.hdf5,1652.0,1706.667,49560,1.0,8.0,9.5,22.0,False,False,single_direction_unknown,test,1.27,1.24,1.255,20240406-113416PDT,20240406-113416_MLK_Walk.h5,/home/coder/workspace/Federated-learning-floor-vibration-classification-and-regression-analysis/TestData/Test_2/APDM_data_fixed_step/sub_002_data/MLK Walk_trials_002_fixedstep.csv,8
test_2,002,13,test_2:002:013,/home/coder/workspace/Federated-learning-floor-vibration-classification-and-regression-analysis/TestData/Test_2/data/walking_hallway_single_person_APDM_002.hdf5,1652.0,1706.667,49560,1.0,8.0,9.5,21.5,False,False,single_direction_unknown,train,1.29,1.27,1.28,20240406-113523PDT,20240406-113523_MLK_Walk.h5,/home/coder/workspace/Federated-learning-floor-vibration-classification-and-regression-analysis/TestData/Test_2/APDM_data_fixed_step/sub_002_data/MLK Walk_trials_002_fixedstep.csv,8
test_2,002,14,test_2:002:014,/home/coder/workspace/Federated-learning-floor-vibration-classification-and-regression-analysis/TestData/Test_2/data/walking_hallway_single_person_APDM_002.hdf5,1652.0,1706.667,49560,1.0,8.0,10.0,23.0,False,False,single_direction_unknown,train,1.25,1.24,1.245,20240406-113614PDT,20240406-113614_MLK_Walk.h5,/home/coder/workspace/Federated-learning-floor-vibration-classification-and-regression-analysis/TestData/Test_2/APDM_data_fixed_step/sub_002_data/MLK Walk_trials_002_fixedstep.csv,9
test_2,002,15,test_2:002:015,/home/coder/workspace/Federated-learning-floor-vibration-classification-and-regression-analysis/TestData/Test_2/data/walking_hallway_single_person_APDM_002.hdf5,1652.0,1706.667,49560,1.0,8.0,10.25,23.0,False,False,single_direction_unknown,test,1.25,1.23,1.24,20240406-113726PDT,20240406-113726_MLK_Walk.h5,/home/coder/workspace/Federated-learning-floor-vibration-classification-and-regression-analysis/TestData/Test_2/APDM_data_fixed_step/sub_002_data/MLK Walk_trials_002_fixedstep.csv,8
test_2,002,16,test_2:002:016,/home/coder/workspace/Federated-learning-floor-vibration-classification-and-regression-analysis/TestData/Test_2/data/walking_hallway_single_person_APDM_002.hdf5,1652.0,1706.667,49560,1.0,8.0,9.0,23.0,False,False,single_direction_unknown,test,1.26,1.25,1.255,20240406-113818PDT,20240406-113818_MLK_Walk.h5,/home/coder/workspace/Federated-learning-floor-vibration-classification-and-regression-analysis/TestData/Test_2/APDM_data_fixed_step/sub_002_data/MLK Walk_trials_002_fixedstep.csv,10
test_2,002,17,test_2:002:017,/home/coder/workspace/Federated-learning-floor-vibration-classification-and-regression-analysis/TestData/Test_2/data/walking_hallway_single_person_APDM_002.hdf5,1652.0,1706.667,49560,1.0,8.0,10.0,23.25,False,False,single_direction_unknown,train,1.25,1.24,1.245,20240406-113915PDT,20240406-113915_MLK_Walk.h5,/home/coder/workspace/Federated-learning-floor-vibration-classification-and-regression-analysis/TestData/Test_2/APDM_data_fixed_step/sub_002_data/MLK Walk_trials_002_fixedstep.csv,9
test_2,002,18,test_2:002:018,/home/coder/workspace/Federated-learning-floor-vibration-classification-and-regression-analysis/TestData/Test_2/data/walking_hallway_single_person_APDM_002.hdf5,1652.0,1706.667,49560,1.0,8.0,11.0,23.0,False,False,single_direction_unknown,train,1.25,1.25,1.25,20240406-114005PDT,20240406-114005_MLK_Walk.h5,/home/coder/workspace/Federated-learning-floor-vibration-classification-and-regression-analysis/TestData/Test_2/APDM_data_fixed_step/sub_002_data/MLK Walk_trials_002_fixedstep.csv,8
test_2,002,19,test_2:002:019,/home/coder/workspace/Federated-learning-floor-vibration-classification-and-regression-analysis/TestData/Test_2/data/walking_hallway_single_person_APDM_002.hdf5,1652.0,1706.667,49560,1.0,8.0,10.75,23.0,False,False,single_direction_unknown,train,1.23,1.22,1.225,20240406-114057PDT,20240406-114057_MLK_Walk.h5,/home/coder/workspace/Federated-learning-floor-vibration-classification-and-regression-analysis/TestData/Test_2/APDM_data_fixed_step/sub_002_data/MLK Walk_trials_002_fixedstep.csv,8
test_2,002,20,test_2:002:020,/home/coder/workspace/Federated-learning-floor-vibration-classification-and-regression-analysis/TestData/Test_2/data/walking_hallway_single_person_APDM_002.hdf5,1652.0,1706.667,49560,1.0,8.0,10.0,23.0,False,False,single_direction_unknown,train,1.23,1.22,1.225,20240406-114248PDT,20240406-114248_MLK_Walk.h5,/home/coder/workspace/Federated-learning-floor-vibration-classification-and-regression-analysis/TestData/Test_2/APDM_data_fixed_step/sub_002_data/MLK Walk_trials_002_fixedstep.csv,9
test_2,002,21,test_2:002:021,/home/coder/workspace/Federated-learning-floor-vibration-classification-and-regression-analysis/TestData/Test_2/data/walking_hallway_single_person_APDM_002.hdf5,1652.0,1706.667,49560,1.0,8.0,9.5,22.5,False,False,single_direction_unknown,train,1.22,1.23,1.225,20240406-114340PDT,20240406-114340_MLK_Walk.h5,/home/coder/workspace/Federated-learning-floor-vibration-classification-and-regression-analysis/TestData/Test_2/APDM_data_fixed_step/sub_002_data/MLK Walk_trials_002_fixedstep.csv,9
test_2,002,22,test_2:002:022,/home/coder/workspace/Federated-learning-floor-vibration-classification-and-regression-analysis/TestData/Test_2/data/walking_hallway_single_person_APDM_002.hdf5,1652.0,1706.667,49560,1.0,8.0,10.5,23.25,False,False,single_direction_unknown,test,1.22,1.22,1.22,20240406-114434PDT,20240406-114434_MLK_Walk.h5,/home/coder/workspace/Federated-learning-floor-vibration-classification-and-regression-analysis/TestData/Test_2/APDM_data_fixed_step/sub_002_data/MLK Walk_trials_002_fixedstep.csv,8
test_2,003,0,test_2:003:000,/home/coder/workspace/Federated-learning-floor-vibration-classification-and-regression-analysis/TestData/Test_2/data/walking_hallway_single_person_APDM_003.hdf5,1652.0,1706.667,49560,1.0,8.0,10.0,22.0,False,False,single_direction_unknown,train,1.37,1.37,1.37,20240406-151215PDT,20240406-151215_MLK_Walk.h5,/home/coder/workspace/Federated-learning-floor-vibration-classification-and-regression-analysis/TestData/Test_2/APDM_data_fixed_step/sub_003_data/MLK Walk_trials_003_fixedstep.csv,8
test_2,003,1,test_2:003:001,/home/coder/workspace/Federated-learning-floor-vibration-classification-and-regression-analysis/TestData/Test_2/data/walking_hallway_single_person_APDM_003.hdf5,1652.0,1706.667,49560,0.25,7.25,7.25,18.75,False,False,single_direction_unknown,train,1.26,1.26,1.26,20240406-151334PDT,20240406-151334_MLK_Walk.h5,/home/coder/workspace/Federated-learning-floor-vibration-classification-and-regression-analysis/TestData/Test_2/APDM_data_fixed_step/sub_003_data/MLK Walk_trials_003_fixedstep.csv,7
test_2,003,2,test_2:003:002,/home/coder/workspace/Federated-learning-floor-vibration-classification-and-regression-analysis/TestData/Test_2/data/walking_hallway_single_person_APDM_003.hdf5,1652.0,1706.667,49560,0.25,7.25,7.25,20.5,False,False,single_direction_unknown,train,1.28,1.28,1.28,20240406-151440PDT,20240406-151440_MLK_Walk.h5,/home/coder/workspace/Federated-learning-floor-vibration-classification-and-regression-analysis/TestData/Test_2/APDM_data_fixed_step/sub_003_data/MLK Walk_trials_003_fixedstep.csv,9
test_2,003,3,test_2:003:003,/home/coder/workspace/Federated-learning-floor-vibration-classification-and-regression-analysis/TestData/Test_2/data/walking_hallway_single_person_APDM_003.hdf5,1652.0,1706.667,49560,1.0,8.0,9.0,20.25,False,False,single_direction_unknown,train,1.37,1.36,1.3650000000000002,20240406-151536PDT,20240406-151536_MLK_Walk.h5,/home/coder/workspace/Federated-learning-floor-vibration-classification-and-regression-analysis/TestData/Test_2/APDM_data_fixed_step/sub_003_data/MLK Walk_trials_003_fixedstep.csv,7
test_2,003,4,test_2:003:004,/home/coder/workspace/Federated-learning-floor-vibration-classification-and-regression-analysis/TestData/Test_2/data/walking_hallway_single_person_APDM_003.hdf5,1652.0,1706.667,49560,1.0,8.0,9.0,20.0,False,False,single_direction_unknown,train,1.38,1.38,1.38,20240406-151634PDT,20240406-151634_MLK_Walk.h5,/home/coder/workspace/Federated-learning-floor-vibration-classification-and-regression-analysis/TestData/Test_2/APDM_data_fixed_step/sub_003_data/MLK Walk_trials_003_fixedstep.csv,7
test_2,003,5,test_2:003:005,/home/coder/workspace/Federated-learning-floor-vibration-classification-and-regression-analysis/TestData/Test_2/data/walking_hallway_single_person_APDM_003.hdf5,1652.0,1706.667,49560,1.0,8.0,9.0,20.0,False,False,single_direction_unknown,train,1.36,1.35,1.355,20240406-151824PDT,20240406-151824_MLK_Walk.h5,/home/coder/workspace/Federated-learning-floor-vibration-classification-and-regression-analysis/TestData/Test_2/APDM_data_fixed_step/sub_003_data/MLK Walk_trials_003_fixedstep.csv,7
test_2,003,6,test_2:003:006,/home/coder/workspace/Federated-learning-floor-vibration-classification-and-regression-analysis/TestData/Test_2/data/walking_hallway_single_person_APDM_003.hdf5,1652.0,1706.667,49560,1.0,8.0,9.25,21.0,False,False,single_direction_unknown,test,1.38,1.36,1.37,20240406-151934PDT,20240406-151934_MLK_Walk.h5,/home/coder/workspace/Federated-learning-floor-vibration-classification-and-regression-analysis/TestData/Test_2/APDM_data_fixed_step/sub_003_data/MLK Walk_trials_003_fixedstep.csv,7
test_2,003,7,test_2:003:007,/home/coder/workspace/Federated-learning-floor-vibration-classification-and-regression-analysis/TestData/Test_2/data/walking_hallway_single_person_APDM_003.hdf5,1652.0,1706.667,49560,1.0,8.0,10.0,21.25,False,False,single_direction_unknown,train,1.38,1.37,1.375,20240406-152036PDT,20240406-152036_MLK_Walk.h5,/home/coder/workspace/Federated-learning-floor-vibration-classification-and-regression-analysis/TestData/Test_2/APDM_data_fixed_step/sub_003_data/MLK Walk_trials_003_fixedstep.csv,7
test_2,003,8,test_2:003:008,/home/coder/workspace/Federated-learning-floor-vibration-classification-and-regression-analysis/TestData/Test_2/data/walking_hallway_single_person_APDM_003.hdf5,1652.0,1706.667,49560,1.0,8.0,9.5,21.75,False,False,single_direction_unknown,train,1.39,1.39,1.39,20240406-152135PDT,20240406-152135_MLK_Walk.h5,/home/coder/workspace/Federated-learning-floor-vibration-classification-and-regression-analysis/TestData/Test_2/APDM_data_fixed_step/sub_003_data/MLK Walk_trials_003_fixedstep.csv,8
test_2,003,9,test_2:003:009,/home/coder/workspace/Federated-learning-floor-vibration-classification-and-regression-analysis/TestData/Test_2/data/walking_hallway_single_person_APDM_003.hdf5,1652.0,1706.667,49560,1.0,8.0,10.0,21.25,False,False,single_direction_unknown,train,1.37,1.37,1.37,20240406-152234PDT,20240406-152234_MLK_Walk.h5,/home/coder/workspace/Federated-learning-floor-vibration-classification-and-regression-analysis/TestData/Test_2/APDM_data_fixed_step/sub_003_data/MLK Walk_trials_003_fixedstep.csv,7
test_2,003,10,test_2:003:010,/home/coder/workspace/Federated-learning-floor-vibration-classification-and-regression-analysis/TestData/Test_2/data/walking_hallway_single_person_APDM_003.hdf5,1652.0,1706.667,49560,1.0,8.0,10.0,21.25,False,False,single_direction_unknown,train,1.4,1.38,1.39,20240406-152350PDT,20240406-152350_MLK_Walk.h5,/home/coder/workspace/Federated-learning-floor-vibration-classification-and-regression-analysis/TestData/Test_2/APDM_data_fixed_step/sub_003_data/MLK Walk_trials_003_fixedstep.csv,7
test_2,003,11,test_2:003:011,/home/coder/workspace/Federated-learning-floor-vibration-classification-and-regression-analysis/TestData/Test_2/data/walking_hallway_single_person_APDM_003.hdf5,1652.0,1706.667,49560,1.0,8.0,9.5,20.5,False,False,single_direction_unknown,test,1.38,1.37,1.375,20240406-152512PDT,20240406-152512_MLK_Walk.h5,/home/coder/workspace/Federated-learning-floor-vibration-classification-and-regression-analysis/TestData/Test_2/APDM_data_fixed_step/sub_003_data/MLK Walk_trials_003_fixedstep.csv,7
test_2,003,12,test_2:003:012,/home/coder/workspace/Federated-learning-floor-vibration-classification-and-regression-analysis/TestData/Test_2/data/walking_hallway_single_person_APDM_003.hdf5,1652.0,1706.667,49560,1.0,8.0,9.75,22.0,False,False,single_direction_unknown,train,1.39,1.38,1.3849999999999998,20240406-152612PDT,20240406-152612_MLK_Walk.h5,/home/coder/workspace/Federated-learning-floor-vibration-classification-and-regression-analysis/TestData/Test_2/APDM_data_fixed_step/sub_003_data/MLK Walk_trials_003_fixedstep.csv,8
test_2,003,13,test_2:003:013,/home/coder/workspace/Federated-learning-floor-vibration-classification-and-regression-analysis/TestData/Test_2/data/walking_hallway_single_person_APDM_003.hdf5,1652.0,1706.667,49560,1.0,8.0,9.75,21.75,False,False,single_direction_unknown,test,1.38,1.38,1.38,20240406-152707PDT,20240406-152707_MLK_Walk.h5,/home/coder/workspace/Federated-learning-floor-vibration-classification-and-regression-analysis/TestData/Test_2/APDM_data_fixed_step/sub_003_data/MLK Walk_trials_003_fixedstep.csv,8
test_2,003,14,test_2:003:014,/home/coder/workspace/Federated-learning-floor-vibration-classification-and-regression-analysis/TestData/Test_2/data/walking_hallway_single_person_APDM_003.hdf5,1652.0,1706.667,49560,1.0,8.0,8.0,21.0,False,False,single_direction_unknown,train,1.38,1.38,1.38,20240406-152803PDT,20240406-152803_MLK_Walk.h5,/home/coder/workspace/Federated-learning-floor-vibration-classification-and-regression-analysis/TestData/Test_2/APDM_data_fixed_step/sub_003_data/MLK Walk_trials_003_fixedstep.csv,9
test_2,003,15,test_2:003:015,/home/coder/workspace/Federated-learning-floor-vibration-classification-and-regression-analysis/TestData/Test_2/data/walking_hallway_single_person_APDM_003.hdf5,1652.0,1706.667,49560,1.0,8.0,9.1,20.5,False,False,single_direction_unknown,train,1.39,1.39,1.39,20240406-152930PDT,20240406-152930_MLK_Walk.h5,/home/coder/workspace/Federated-learning-floor-vibration-classification-and-regression-analysis/TestData/Test_2/APDM_data_fixed_step/sub_003_data/MLK Walk_trials_003_fixedstep.csv,7
test_2,003,16,test_2:003:016,/home/coder/workspace/Federated-learning-floor-vibration-classification-and-regression-analysis/TestData/Test_2/data/walking_hallway_single_person_APDM_003.hdf5,1652.0,1706.667,49560,1.0,8.0,9.3,20.25,False,False,single_direction_unknown,train,1.39,1.39,1.39,20240406-153027PDT,20240406-153027_MLK_Walk.h5,/home/coder/workspace/Federated-learning-floor-vibration-classification-and-regression-analysis/TestData/Test_2/APDM_data_fixed_step/sub_003_data/MLK Walk_trials_003_fixedstep.csv,6
test_2,003,17,test_2:003:017,/home/coder/workspace/Federated-learning-floor-vibration-classification-and-regression-analysis/TestData/Test_2/data/walking_hallway_single_person_APDM_003.hdf5,1652.0,1706.667,49560,1.0,8.0,9.0,19.75,False,False,single_direction_unknown,train,1.41,1.4,1.4049999999999998,20240406-153123PDT,20240406-153123_MLK_Walk.h5,/home/coder/workspace/Federated-learning-floor-vibration-classification-and-regression-analysis/TestData/Test_2/APDM_data_fixed_step/sub_003_data/MLK Walk_trials_003_fixedstep.csv,6
test_2,003,18,test_2:003:018,/home/coder/workspace/Federated-learning-floor-vibration-classification-and-regression-analysis/TestData/Test_2/data/walking_hallway_single_person_APDM_003.hdf5,1652.0,1706.667,49560,1.0,8.0,9.5,20.25,False,False,single_direction_unknown,test,1.4,1.39,1.395,20240406-153225PDT,20240406-153225_MLK_Walk.h5,/home/coder/workspace/Federated-learning-floor-vibration-classification-and-regression-analysis/TestData/Test_2/APDM_data_fixed_step/sub_003_data/MLK Walk_trials_003_fixedstep.csv,6
test_2,003,19,test_2:003:019,/home/coder/workspace/Federated-learning-floor-vibration-classification-and-regression-analysis/TestData/Test_2/data/walking_hallway_single_person_APDM_003.hdf5,1652.0,1706.667,49560,1.0,8.0,8.25,20.0,False,False,single_direction_unknown,train,1.37,1.36,1.3650000000000002,20240406-153324PDT,20240406-153324_MLK_Walk.h5,/home/coder/workspace/Federated-learning-floor-vibration-classification-and-regression-analysis/TestData/Test_2/APDM_data_fixed_step/sub_003_data/MLK Walk_trials_003_fixedstep.csv,7
test_2,003,20,test_2:003:020,/home/coder/workspace/Federated-learning-floor-vibration-classification-and-regression-analysis/TestData/Test_2/data/walking_hallway_single_person_APDM_003.hdf5,1652.0,1706.667,49560,1.0,8.0,9.5,21.0,False,False,single_direction_unknown,train,1.36,1.35,1.355,20240406-153434PDT,20240406-153434_MLK_Walk.h5,/home/coder/workspace/Federated-learning-floor-vibration-classification-and-regression-analysis/TestData/Test_2/APDM_data_fixed_step/sub_003_data/MLK Walk_trials_003_fixedstep.csv,7
testing_20251124,003,0,testing_20251124:003:000,/home/coder/workspace/Federated-learning-floor-vibration-classification-and-regression-analysis/TestData/20251124_Testing/vib/Data/TestSetup_003.hdf5,1651.6129032258063,1651.6129032258063,49548,1.0,7.0,16.0,30.0,False,False,N_to_S,test,1.46,1.43,1.4449999999999998,20251124-114812PST,20251124-114812_MLK_Walk.h5,/home/coder/workspace/Federated-learning-floor-vibration-classification-and-regression-analysis/TestData/20251124_Testing/APDM_Data/Moveo_Explorer_Subject_Export_003_20251124-122520PST/MLK Walk_trials.csv,10
testing_20251124,003,1,testing_20251124:003:001,/home/coder/workspace/Federated-learning-floor-vibration-classification-and-regression-analysis/TestData/20251124_Testing/vib/Data/TestSetup_003.hdf5,1651.6129032258063,1651.6129032258063,49548,1.0,7.0,16.0,30.0,False,False,S_to_N,train,1.49,1.46,1.475,20251124-115120PST,20251124-115120_MLK_Walk.h5,/home/coder/workspace/Federated-learning-floor-vibration-classification-and-regression-analysis/TestData/20251124_Testing/APDM_Data/Moveo_Explorer_Subject_Export_003_20251124-122520PST/MLK Walk_trials.csv,10
testing_20251124,003,2,testing_20251124:003:002,/home/coder/workspace/Federated-learning-floor-vibration-classification-and-regression-analysis/TestData/20251124_Testing/vib/Data/TestSetup_003.hdf5,1651.6129032258063,1651.6129032258063,49548,1.0,7.0,16.0,30.0,False,False,N_to_S,train,1.54,1.52,1.53,20251124-115304PST,20251124-115304_MLK_Walk.h5,/home/coder/workspace/Federated-learning-floor-vibration-classification-and-regression-analysis/TestData/20251124_Testing/APDM_Data/Moveo_Explorer_Subject_Export_003_20251124-122520PST/MLK Walk_trials.csv,10
testing_20251124,003,3,testing_20251124:003:003,/home/coder/workspace/Federated-learning-floor-vibration-classification-and-regression-analysis/TestData/20251124_Testing/vib/Data/TestSetup_003.hdf5,1651.6129032258063,1651.6129032258063,49548,1.0,7.0,15.0,0.0,False,False,S_to_N,train,1.53,1.51,1.52,20251124-115551PST,20251124-115551_MLK_Walk.h5,/home/coder/workspace/Federated-learning-floor-vibration-classification-and-regression-analysis/TestData/20251124_Testing/APDM_Data/Moveo_Explorer_Subject_Export_003_20251124-122520PST/MLK Walk_trials.csv,11
testing_20251124,003,4,testing_20251124:003:004,/home/coder/workspace/Federated-learning-floor-vibration-classification-and-regression-analysis/TestData/20251124_Testing/vib/Data/TestSetup_003.hdf5,1651.6129032258063,1651.6129032258063,49548,1.0,7.0,16.0,0.0,False,False,N_to_S,train,1.46,1.45,1.455,20251124-115730PST,20251124-115730_MLK_Walk.h5,/home/coder/workspace/Federated-learning-floor-vibration-classification-and-regression-analysis/TestData/20251124_Testing/APDM_Data/Moveo_Explorer_Subject_Export_003_20251124-122520PST/MLK Walk_trials.csv,10
testing_20251124,003,5,testing_20251124:003:005,/home/coder/workspace/Federated-learning-floor-vibration-classification-and-regression-analysis/TestData/20251124_Testing/vib/Data/TestSetup_003.hdf5,1651.6129032258063,1651.6129032258063,49548,1.0,7.0,16.0,30.0,False,False,S_to_N,test,1.49,1.46,1.475,20251124-120116PST,20251124-120116_MLK_Walk.h5,/home/coder/workspace/Federated-learning-floor-vibration-classification-and-regression-analysis/TestData/20251124_Testing/APDM_Data/Moveo_Explorer_Subject_Export_003_20251124-122520PST/MLK Walk_trials.csv,10
testing_20251124,003,6,testing_20251124:003:006,/home/coder/workspace/Federated-learning-floor-vibration-classification-and-regression-analysis/TestData/20251124_Testing/vib/Data/TestSetup_003.hdf5,1651.6129032258063,1651.6129032258063,49548,1.0,7.0,17.0,30.0,False,False,N_to_S,train,1.47,1.46,1.4649999999999999,20251124-120233PST,20251124-120233_MLK_Walk.h5,/home/coder/workspace/Federated-learning-floor-vibration-classification-and-regression-analysis/TestData/20251124_Testing/APDM_Data/Moveo_Explorer_Subject_Export_003_20251124-122520PST/MLK Walk_trials.csv,9
testing_20251124,003,7,testing_20251124:003:007,/home/coder/workspace/Federated-learning-floor-vibration-classification-and-regression-analysis/TestData/20251124_Testing/vib/Data/TestSetup_003.hdf5,1651.6129032258063,1651.6129032258063,49548,1.0,7.0,17.0,30.0,False,False,S_to_N,train,1.49,1.48,1.4849999999999999,20251124-120440PST,20251124-120440_MLK_Walk.h5,/home/coder/workspace/Federated-learning-floor-vibration-classification-and-regression-analysis/TestData/20251124_Testing/APDM_Data/Moveo_Explorer_Subject_Export_003_20251124-122520PST/MLK Walk_trials.csv,9
testing_20251124,003,8,testing_20251124:003:008,/home/coder/workspace/Federated-learning-floor-vibration-classification-and-regression-analysis/TestData/20251124_Testing/vib/Data/TestSetup_003.hdf5,1651.6129032258063,1651.6129032258063,49548,1.0,7.0,17.0,30.0,False,False,N_to_S,train,1.42,1.4,1.41,20251124-120947PST,20251124-120947_MLK_Walk.h5,/home/coder/workspace/Federated-learning-floor-vibration-classification-and-regression-analysis/TestData/20251124_Testing/APDM_Data/Moveo_Explorer_Subject_Export_003_20251124-122520PST/MLK Walk_trials.csv,9
testing_20251124,003,9,testing_20251124:003:009,/home/coder/workspace/Federated-learning-floor-vibration-classification-and-regression-analysis/TestData/20251124_Testing/vib/Data/TestSetup_003.hdf5,1651.6129032258063,1651.6129032258063,49548,1.0,7.0,16.0,30.0,False,False,S_to_N,train,1.43,1.41,1.42,20251124-121125PST,20251124-121125_MLK_Walk.h5,/home/coder/workspace/Federated-learning-floor-vibration-classification-and-regression-analysis/TestData/20251124_Testing/APDM_Data/Moveo_Explorer_Subject_Export_003_20251124-122520PST/MLK Walk_trials.csv,10
testing_20251124,003,10,testing_20251124:003:010,/home/coder/workspace/Federated-learning-floor-vibration-classification-and-regression-analysis/TestData/20251124_Testing/vib/Data/TestSetup_003.hdf5,1651.6129032258063,1651.6129032258063,49548,1.0,7.0,17.0,30.0,False,False,N_to_S,train,1.41,1.4,1.4049999999999998,20251124-121247PST,20251124-121247_MLK_Walk.h5,/home/coder/workspace/Federated-learning-floor-vibration-classification-and-regression-analysis/TestData/20251124_Testing/APDM_Data/Moveo_Explorer_Subject_Export_003_20251124-122520PST/MLK Walk_trials.csv,9
testing_20251124,003,11,testing_20251124:003:011,/home/coder/workspace/Federated-learning-floor-vibration-classification-and-regression-analysis/TestData/20251124_Testing/vib/Data/TestSetup_003.hdf5,1651.6129032258063,1651.6129032258063,49548,1.0,7.0,17.0,30.0,False,False,S_to_N,train,1.53,1.52,1.525,20251124-121619PST,20251124-121619_MLK_Walk.h5,/home/coder/workspace/Federated-learning-floor-vibration-classification-and-regression-analysis/TestData/20251124_Testing/APDM_Data/Moveo_Explorer_Subject_Export_003_20251124-122520PST/MLK Walk_trials.csv,9
testing_20251124,003,12,testing_20251124:003:012,/home/coder/workspace/Federated-learning-floor-vibration-classification-and-regression-analysis/TestData/20251124_Testing/vib/Data/TestSetup_003.hdf5,1651.6129032258063,1651.6129032258063,49548,1.0,7.0,18.0,30.0,False,False,N_to_S,test,1.45,1.43,1.44,20251124-121848PST,20251124-121848_MLK_Walk.h5,/home/coder/workspace/Federated-learning-floor-vibration-classification-and-regression-analysis/TestData/20251124_Testing/APDM_Data/Moveo_Explorer_Subject_Export_003_20251124-122520PST/MLK Walk_trials.csv,8
testing_20251124,003,13,testing_20251124:003:013,/home/coder/workspace/Federated-learning-floor-vibration-classification-and-regression-analysis/TestData/20251124_Testing/vib/Data/TestSetup_003.hdf5,1651.6129032258063,1651.6129032258063,49548,1.0,7.0,17.0,30.0,False,False,S_to_N,train,1.48,1.46,1.47,20251124-122004PST,20251124-122004_MLK_Walk.h5,/home/coder/workspace/Federated-learning-floor-vibration-classification-and-regression-analysis/TestData/20251124_Testing/APDM_Data/Moveo_Explorer_Subject_Export_003_20251124-122520PST/MLK Walk_trials.csv,9
testing_20251124,003,14,testing_20251124:003:014,/home/coder/workspace/Federated-learning-floor-vibration-classification-and-regression-analysis/TestData/20251124_Testing/vib/Data/TestSetup_003.hdf5,1651.6129032258063,1651.6129032258063,49548,1.0,7.0,17.0,30.0,False,False,N_to_S,train,1.49,1.47,1.48,20251124-122308PST,20251124-122308_MLK_Walk.h5,/home/coder/workspace/Federated-learning-floor-vibration-classification-and-regression-analysis/TestData/20251124_Testing/APDM_Data/Moveo_Explorer_Subject_Export_003_20251124-122520PST/MLK Walk_trials.csv,9
testing_20251124,004,0,testing_20251124:004:000,/home/coder/workspace/Federated-learning-floor-vibration-classification-and-regression-analysis/TestData/20251124_Testing/vib/Data/TestSetup_004.hdf5,1651.6129032258063,1651.6129032258063,49548,1.0,7.0,17.0,30.0,False,False,N_to_S,train,1.45,1.46,1.455,20251124-134809PST,20251124-134809_MLK_Walk.h5,/home/coder/workspace/Federated-learning-floor-vibration-classification-and-regression-analysis/TestData/20251124_Testing/APDM_Data/Moveo_Explorer_Subject_Export_004_20251124-140941PST/MLK Walk_trials.csv,9
testing_20251124,004,1,testing_20251124:004:001,/home/coder/workspace/Federated-learning-floor-vibration-classification-and-regression-analysis/TestData/20251124_Testing/vib/Data/TestSetup_004.hdf5,1651.6129032258063,1651.6129032258063,49548,1.0,7.0,18.0,30.0,False,False,S_to_N,train,1.44,1.44,1.44,20251124-135120PST,20251124-135120_MLK_Walk.h5,/home/coder/workspace/Federated-learning-floor-vibration-classification-and-regression-analysis/TestData/20251124_Testing/APDM_Data/Moveo_Explorer_Subject_Export_004_20251124-140941PST/MLK Walk_trials.csv,8
testing_20251124,004,2,testing_20251124:004:002,/home/coder/workspace/Federated-learning-floor-vibration-classification-and-regression-analysis/TestData/20251124_Testing/vib/Data/TestSetup_004.hdf5,1651.6129032258063,1651.6129032258063,49548,1.0,7.0,18.0,30.0,False,False,N_to_S,train,1.5,1.5,1.5,20251124-135239PST,20251124-135239_MLK_Walk.h5,/home/coder/workspace/Federated-learning-floor-vibration-classification-and-regression-analysis/TestData/20251124_Testing/APDM_Data/Moveo_Explorer_Subject_Export_004_20251124-140941PST/MLK Walk_trials.csv,8
testing_20251124,004,3,testing_20251124:004:003,/home/coder/workspace/Federated-learning-floor-vibration-classification-and-regression-analysis/TestData/20251124_Testing/vib/Data/TestSetup_004.hdf5,1651.6129032258063,1651.6129032258063,49548,1.0,7.0,18.0,30.0,False,False,S_to_N,test,1.45,1.46,1.455,20251124-135411PST,20251124-135411_MLK_Walk.h5,/home/coder/workspace/Federated-learning-floor-vibration-classification-and-regression-analysis/TestData/20251124_Testing/APDM_Data/Moveo_Explorer_Subject_Export_004_20251124-140941PST/MLK Walk_trials.csv,8
testing_20251124,004,4,testing_20251124:004:004,/home/coder/workspace/Federated-learning-floor-vibration-classification-and-regression-analysis/TestData/20251124_Testing/vib/Data/TestSetup_004.hdf5,1651.6129032258063,1651.6129032258063,49548,1.0,7.0,18.0,30.0,False,False,N_to_S,train,1.54,1.54,1.54,20251124-135519PST,20251124-135519_MLK_Walk.h5,/home/coder/workspace/Federated-learning-floor-vibration-classification-and-regression-analysis/TestData/20251124_Testing/APDM_Data/Moveo_Explorer_Subject_Export_004_20251124-140941PST/MLK Walk_trials.csv,8
testing_20251124,004,5,testing_20251124:004:005,/home/coder/workspace/Federated-learning-floor-vibration-classification-and-regression-analysis/TestData/20251124_Testing/vib/Data/TestSetup_004.hdf5,1651.6129032258063,1651.6129032258063,49548,1.0,7.0,17.0,30.0,False,False,S_to_N,train,1.49,1.49,1.49,20251124-135637PST,20251124-135637_MLK_Walk.h5,/home/coder/workspace/Federated-learning-floor-vibration-classification-and-regression-analysis/TestData/20251124_Testing/APDM_Data/Moveo_Explorer_Subject_Export_004_20251124-140941PST/MLK Walk_trials.csv,9
testing_20251124,004,6,testing_20251124:004:006,/home/coder/workspace/Federated-learning-floor-vibration-classification-and-regression-analysis/TestData/20251124_Testing/vib/Data/TestSetup_004.hdf5,1651.6129032258063,1651.6129032258063,49548,1.0,7.0,17.0,30.0,False,False,N_to_S,test,1.5,1.49,1.495,20251124-135744PST,20251124-135744_MLK_Walk.h5,/home/coder/workspace/Federated-learning-floor-vibration-classification-and-regression-analysis/TestData/20251124_Testing/APDM_Data/Moveo_Explorer_Subject_Export_004_20251124-140941PST/MLK Walk_trials.csv,9
testing_20251124,004,7,testing_20251124:004:007,/home/coder/workspace/Federated-learning-floor-vibration-classification-and-regression-analysis/TestData/20251124_Testing/vib/Data/TestSetup_004.hdf5,1651.6129032258063,1651.6129032258063,49548,1.0,7.0,17.0,30.0,False,False,S_to_N,train,1.5,1.51,1.505,20251124-140011PST,20251124-140011_MLK_Walk.h5,/home/coder/workspace/Federated-learning-floor-vibration-classification-and-regression-analysis/TestData/20251124_Testing/APDM_Data/Moveo_Explorer_Subject_Export_004_20251124-140941PST/MLK Walk_trials.csv,9
testing_20251124,004,8,testing_20251124:004:008,/home/coder/workspace/Federated-learning-floor-vibration-classification-and-regression-analysis/TestData/20251124_Testing/vib/Data/TestSetup_004.hdf5,1651.6129032258063,1651.6129032258063,49548,1.0,7.0,18.0,30.0,False,False,N_to_S,train,1.48,1.48,1.48,20251124-140123PST,20251124-140123_MLK_Walk.h5,/home/coder/workspace/Federated-learning-floor-vibration-classification-and-regression-analysis/TestData/20251124_Testing/APDM_Data/Moveo_Explorer_Subject_Export_004_20251124-140941PST/MLK Walk_trials.csv,8
testing_20251124,004,9,testing_20251124:004:009,/home/coder/workspace/Federated-learning-floor-vibration-classification-and-regression-analysis/TestData/20251124_Testing/vib/Data/TestSetup_004.hdf5,1651.6129032258063,1651.6129032258063,49548,1.0,7.0,17.0,30.0,False,False,S_to_N,train,1.5,1.5,1.5,20251124-140238PST,20251124-140238_MLK_Walk.h5,/home/coder/workspace/Federated-learning-floor-vibration-classification-and-regression-analysis/TestData/20251124_Testing/APDM_Data/Moveo_Explorer_Subject_Export_004_20251124-140941PST/MLK Walk_trials.csv,9
testing_20251124,004,10,testing_20251124:004:010,/home/coder/workspace/Federated-learning-floor-vibration-classification-and-regression-analysis/TestData/20251124_Testing/vib/Data/TestSetup_004.hdf5,1651.6129032258063,1651.6129032258063,49548,1.0,7.0,18.0,30.0,False,False,N_to_S,train,1.5,1.51,1.505,20251124-140348PST,20251124-140348_MLK_Walk.h5,/home/coder/workspace/Federated-learning-floor-vibration-classification-and-regression-analysis/TestData/20251124_Testing/APDM_Data/Moveo_Explorer_Subject_Export_004_20251124-140941PST/MLK Walk_trials.csv,8
testing_20251124,004,11,testing_20251124:004:011,/home/coder/workspace/Federated-learning-floor-vibration-classification-and-regression-analysis/TestData/20251124_Testing/vib/Data/TestSetup_004.hdf5,1651.6129032258063,1651.6129032258063,49548,1.0,7.0,17.0,30.0,False,False,S_to_N,train,1.48,1.49,1.4849999999999999,20251124-140505PST,20251124-140505_MLK_Walk.h5,/home/coder/workspace/Federated-learning-floor-vibration-classification-and-regression-analysis/TestData/20251124_Testing/APDM_Data/Moveo_Explorer_Subject_Export_004_20251124-140941PST/MLK Walk_trials.csv,9
testing_20251124,004,12,testing_20251124:004:012,/home/coder/workspace/Federated-learning-floor-vibration-classification-and-regression-analysis/TestData/20251124_Testing/vib/Data/TestSetup_004.hdf5,1651.6129032258063,1651.6129032258063,49548,1.0,7.0,18.0,30.0,False,False,N_to_S,train,1.46,1.46,1.46,20251124-140612PST,20251124-140612_MLK_Walk.h5,/home/coder/workspace/Federated-learning-floor-vibration-classification-and-regression-analysis/TestData/20251124_Testing/APDM_Data/Moveo_Explorer_Subject_Export_004_20251124-140941PST/MLK Walk_trials.csv,8
testing_20251124,004,13,testing_20251124:004:013,/home/coder/workspace/Federated-learning-floor-vibration-classification-and-regression-analysis/TestData/20251124_Testing/vib/Data/TestSetup_004.hdf5,1651.6129032258063,1651.6129032258063,49548,1.0,7.0,17.0,30.0,False,False,S_to_N,train,1.49,1.5,1.495,20251124-140747PST,20251124-140747_MLK_Walk.h5,/home/coder/workspace/Federated-learning-floor-vibration-classification-and-regression-analysis/TestData/20251124_Testing/APDM_Data/Moveo_Explorer_Subject_Export_004_20251124-140941PST/MLK Walk_trials.csv,9
testing_20251124,004,14,testing_20251124:004:014,/home/coder/workspace/Federated-learning-floor-vibration-classification-and-regression-analysis/TestData/20251124_Testing/vib/Data/TestSetup_004.hdf5,1651.6129032258063,1651.6129032258063,49548,1.0,7.0,18.0,30.0,False,False,N_to_S,test,1.49,1.48,1.4849999999999999,20251124-140855PST,20251124-140855_MLK_Walk.h5,/home/coder/workspace/Federated-learning-floor-vibration-classification-and-regression-analysis/TestData/20251124_Testing/APDM_Data/Moveo_Explorer_Subject_Export_004_20251124-140941PST/MLK Walk_trials.csv,8
testing_20251124,005,0,testing_20251124:005:000,/home/coder/workspace/Federated-learning-floor-vibration-classification-and-regression-analysis/TestData/20251124_Testing/vib/Data/TestSetup_005.hdf5,1651.6129032258063,1651.6129032258063,49548,1.0,7.0,18.0,30.0,False,False,N_to_S,train,1.65,1.65,1.65,20251124-141413PST,20251124-141413_MLK_Walk.h5,/home/coder/workspace/Federated-learning-floor-vibration-classification-and-regression-analysis/TestData/20251124_Testing/APDM_Data/Moveo_Explorer_Subject_Export_005_20251124-144205PST/MLK Walk_trials.csv,8
testing_20251124,005,1,testing_20251124:005:001,/home/coder/workspace/Federated-learning-floor-vibration-classification-and-regression-analysis/TestData/20251124_Testing/vib/Data/TestSetup_005.hdf5,1651.6129032258063,1651.6129032258063,49548,1.0,7.0,11.0,30.0,True,False,S_to_N,skipped,,,,,,,0
testing_20251124,005,2,testing_20251124:005:002,/home/coder/workspace/Federated-learning-floor-vibration-classification-and-regression-analysis/TestData/20251124_Testing/vib/Data/TestSetup_005.hdf5,1651.6129032258063,1651.6129032258063,49548,1.0,7.0,17.0,30.0,False,False,N_to_S,train,1.6,1.61,1.605,20251124-141749PST,20251124-141749_MLK_Walk.h5,/home/coder/workspace/Federated-learning-floor-vibration-classification-and-regression-analysis/TestData/20251124_Testing/APDM_Data/Moveo_Explorer_Subject_Export_005_20251124-144205PST/MLK Walk_trials.csv,9
testing_20251124,005,3,testing_20251124:005:003,/home/coder/workspace/Federated-learning-floor-vibration-classification-and-regression-analysis/TestData/20251124_Testing/vib/Data/TestSetup_005.hdf5,1651.6129032258063,1651.6129032258063,49548,1.0,7.0,17.0,30.0,False,False,S_to_N,test,1.65,1.66,1.6549999999999998,20251124-141911PST,20251124-141911_MLK_Walk.h5,/home/coder/workspace/Federated-learning-floor-vibration-classification-and-regression-analysis/TestData/20251124_Testing/APDM_Data/Moveo_Explorer_Subject_Export_005_20251124-144205PST/MLK Walk_trials.csv,9
testing_20251124,005,4,testing_20251124:005:004,/home/coder/workspace/Federated-learning-floor-vibration-classification-and-regression-analysis/TestData/20251124_Testing/vib/Data/TestSetup_005.hdf5,1651.6129032258063,1651.6129032258063,49548,1.0,7.0,18.0,30.0,False,False,N_to_S,test,1.64,1.66,1.65,20251124-142026PST,20251124-142026_MLK_Walk.h5,/home/coder/workspace/Federated-learning-floor-vibration-classification-and-regression-analysis/TestData/20251124_Testing/APDM_Data/Moveo_Explorer_Subject_Export_005_20251124-144205PST/MLK Walk_trials.csv,8
testing_20251124,005,5,testing_20251124:005:005,/home/coder/workspace/Federated-learning-floor-vibration-classification-and-regression-analysis/TestData/20251124_Testing/vib/Data/TestSetup_005.hdf5,1651.6129032258063,1651.6129032258063,49548,1.0,7.0,17.0,30.0,False,False,S_to_N,train,1.61,1.61,1.61,20251124-142149PST,20251124-142149_MLK_Walk.h5,/home/coder/workspace/Federated-learning-floor-vibration-classification-and-regression-analysis/TestData/20251124_Testing/APDM_Data/Moveo_Explorer_Subject_Export_005_20251124-144205PST/MLK Walk_trials.csv,9
testing_20251124,005,6,testing_20251124:005:006,/home/coder/workspace/Federated-learning-floor-vibration-classification-and-regression-analysis/TestData/20251124_Testing/vib/Data/TestSetup_005.hdf5,1651.6129032258063,1651.6129032258063,49548,1.0,7.0,18.0,30.0,False,False,N_to_S,train,1.66,1.66,1.66,20251124-142320PST,20251124-142320_MLK_Walk.h5,/home/coder/workspace/Federated-learning-floor-vibration-classification-and-regression-analysis/TestData/20251124_Testing/APDM_Data/Moveo_Explorer_Subject_Export_005_20251124-144205PST/MLK Walk_trials.csv,8
testing_20251124,005,7,testing_20251124:005:007,/home/coder/workspace/Federated-learning-floor-vibration-classification-and-regression-analysis/TestData/20251124_Testing/vib/Data/TestSetup_005.hdf5,1651.6129032258063,1651.6129032258063,49548,1.0,7.0,17.0,30.0,False,False,S_to_N,train,1.66,1.67,1.665,20251124-142517PST,20251124-142517_MLK_Walk.h5,/home/coder/workspace/Federated-learning-floor-vibration-classification-and-regression-analysis/TestData/20251124_Testing/APDM_Data/Moveo_Explorer_Subject_Export_005_20251124-144205PST/MLK Walk_trials.csv,9
testing_20251124,005,8,testing_20251124:005:008,/home/coder/workspace/Federated-learning-floor-vibration-classification-and-regression-analysis/TestData/20251124_Testing/vib/Data/TestSetup_005.hdf5,1651.6129032258063,1651.6129032258063,49548,1.0,7.0,18.0,30.0,False,False,N_to_S,test,1.63,1.64,1.6349999999999998,20251124-142626PST,20251124-142626_MLK_Walk.h5,/home/coder/workspace/Federated-learning-floor-vibration-classification-and-regression-analysis/TestData/20251124_Testing/APDM_Data/Moveo_Explorer_Subject_Export_005_20251124-144205PST/MLK Walk_trials.csv,8
testing_20251124,005,9,testing_20251124:005:009,/home/coder/workspace/Federated-learning-floor-vibration-classification-and-regression-analysis/TestData/20251124_Testing/vib/Data/TestSetup_005.hdf5,1651.6129032258063,1651.6129032258063,49548,1.0,7.0,17.0,30.0,True,False,S_to_N,skipped,1.61,1.63,1.62,20251124-142854PST,20251124-142854_MLK_Walk.h5,/home/coder/workspace/Federated-learning-floor-vibration-classification-and-regression-analysis/TestData/20251124_Testing/APDM_Data/Moveo_Explorer_Subject_Export_005_20251124-144205PST/MLK Walk_trials.csv,0
testing_20251124,005,10,testing_20251124:005:010,/home/coder/workspace/Federated-learning-floor-vibration-classification-and-regression-analysis/TestData/20251124_Testing/vib/Data/TestSetup_005.hdf5,1651.6129032258063,1651.6129032258063,49548,1.0,7.0,18.0,30.0,False,False,N_to_S,train,1.63,1.64,1.6349999999999998,20251124-143109PST,20251124-143109_MLK_Walk.h5,/home/coder/workspace/Federated-learning-floor-vibration-classification-and-regression-analysis/TestData/20251124_Testing/APDM_Data/Moveo_Explorer_Subject_Export_005_20251124-144205PST/MLK Walk_trials.csv,8
testing_20251124,005,11,testing_20251124:005:011,/home/coder/workspace/Federated-learning-floor-vibration-classification-and-regression-analysis/TestData/20251124_Testing/vib/Data/TestSetup_005.hdf5,1651.6129032258063,1651.6129032258063,49548,1.0,7.0,18.0,30.0,False,False,S_to_N,train,1.66,1.67,1.665,20251124-143310PST,20251124-143310_MLK_Walk.h5,/home/coder/workspace/Federated-learning-floor-vibration-classification-and-regression-analysis/TestData/20251124_Testing/APDM_Data/Moveo_Explorer_Subject_Export_005_20251124-144205PST/MLK Walk_trials.csv,8
testing_20251124,005,12,testing_20251124:005:012,/home/coder/workspace/Federated-learning-floor-vibration-classification-and-regression-analysis/TestData/20251124_Testing/vib/Data/TestSetup_005.hdf5,1651.6129032258063,1651.6129032258063,49548,1.0,7.0,18.0,30.0,False,False,N_to_S,train,1.68,1.69,1.685,20251124-143423PST,20251124-143423_MLK_Walk.h5,/home/coder/workspace/Federated-learning-floor-vibration-classification-and-regression-analysis/TestData/20251124_Testing/APDM_Data/Moveo_Explorer_Subject_Export_005_20251124-144205PST/MLK Walk_trials.csv,8
testing_20251124,005,13,testing_20251124:005:013,/home/coder/workspace/Federated-learning-floor-vibration-classification-and-regression-analysis/TestData/20251124_Testing/vib/Data/TestSetup_005.hdf5,1651.6129032258063,1651.6129032258063,49548,1.0,7.0,17.0,30.0,False,False,S_to_N,train,1.65,1.66,1.6549999999999998,20251124-143548PST,20251124-143548_MLK_Walk.h5,/home/coder/workspace/Federated-learning-floor-vibration-classification-and-regression-analysis/TestData/20251124_Testing/APDM_Data/Moveo_Explorer_Subject_Export_005_20251124-144205PST/MLK Walk_trials.csv,9
testing_20251124,005,14,testing_20251124:005:014,/home/coder/workspace/Federated-learning-floor-vibration-classification-and-regression-analysis/TestData/20251124_Testing/vib/Data/TestSetup_005.hdf5,1651.6129032258063,1651.6129032258063,49548,1.0,7.0,18.0,30.0,False,False,N_to_S,train,1.6,1.62,1.61,20251124-143659PST,20251124-143659_MLK_Walk.h5,/home/coder/workspace/Federated-learning-floor-vibration-classification-and-regression-analysis/TestData/20251124_Testing/APDM_Data/Moveo_Explorer_Subject_Export_005_20251124-144205PST/MLK Walk_trials.csv,8
testing_20251124,005,15,testing_20251124:005:015,/home/coder/workspace/Federated-learning-floor-vibration-classification-and-regression-analysis/TestData/20251124_Testing/vib/Data/TestSetup_005.hdf5,1651.6129032258063,1651.6129032258063,49548,1.0,7.0,17.0,30.0,False,False,S_to_N,train,1.64,1.66,1.65,20251124-143839PST,20251124-143839_MLK_Walk.h5,/home/coder/workspace/Federated-learning-floor-vibration-classification-and-regression-analysis/TestData/20251124_Testing/APDM_Data/Moveo_Explorer_Subject_Export_005_20251124-144205PST/MLK Walk_trials.csv,9
testing_20251124,005,16,testing_20251124:005:016,/home/coder/workspace/Federated-learning-floor-vibration-classification-and-regression-analysis/TestData/20251124_Testing/vib/Data/TestSetup_005.hdf5,1651.6129032258063,1651.6129032258063,49548,1.0,7.0,18.0,30.0,False,False,N_to_S,train,1.64,1.66,1.65,20251124-144006PST,20251124-144006_MLK_Walk.h5,/home/coder/workspace/Federated-learning-floor-vibration-classification-and-regression-analysis/TestData/20251124_Testing/APDM_Data/Moveo_Explorer_Subject_Export_005_20251124-144205PST/MLK Walk_trials.csv,8
testing_20251124,005,17,testing_20251124:005:017,/home/coder/workspace/Federated-learning-floor-vibration-classification-and-regression-analysis/TestData/20251124_Testing/vib/Data/TestSetup_005.hdf5,1651.6129032258063,1651.6129032258063,49548,1.0,7.0,18.0,30.0,False,False,S_to_N,train,1.66,1.69,1.6749999999999998,20251124-144128PST,20251124-144128_MLK_Walk.h5,/home/coder/workspace/Federated-learning-floor-vibration-classification-and-regression-analysis/TestData/20251124_Testing/APDM_Data/Moveo_Explorer_Subject_Export_005_20251124-144205PST/MLK Walk_trials.csv,8
testing_20251124,006,0,testing_20251124:006:000,/home/coder/workspace/Federated-learning-floor-vibration-classification-and-regression-analysis/TestData/20251124_Testing/vib/Data/TestSetup_006.hdf5,1651.6129032258063,1651.6129032258063,49548,1.0,7.0,18.0,30.0,True,True,N_to_S,excluded,,,,,,,0
testing_20251124,006,1,testing_20251124:006:001,/home/coder/workspace/Federated-learning-floor-vibration-classification-and-regression-analysis/TestData/20251124_Testing/vib/Data/TestSetup_006.hdf5,1651.6129032258063,1651.6129032258063,49548,1.0,7.0,17.0,30.0,False,True,S_to_N,excluded,,,,,,,0
testing_20251124,006,2,testing_20251124:006:002,/home/coder/workspace/Federated-learning-floor-vibration-classification-and-regression-analysis/TestData/20251124_Testing/vib/Data/TestSetup_006.hdf5,1651.6129032258063,1651.6129032258063,49548,1.0,7.0,18.0,30.0,False,True,N_to_S,excluded,,,,,,,0
testing_20251124,006,3,testing_20251124:006:003,/home/coder/workspace/Federated-learning-floor-vibration-classification-and-regression-analysis/TestData/20251124_Testing/vib/Data/TestSetup_006.hdf5,1651.6129032258063,1651.6129032258063,49548,1.0,7.0,17.0,30.0,False,True,S_to_N,excluded,,,,,,,0
testing_20251124,006,4,testing_20251124:006:004,/home/coder/workspace/Federated-learning-floor-vibration-classification-and-regression-analysis/TestData/20251124_Testing/vib/Data/TestSetup_006.hdf5,1651.6129032258063,1651.6129032258063,49548,1.0,7.0,18.0,30.0,False,True,N_to_S,excluded,,,,,,,0
testing_20251124,006,5,testing_20251124:006:005,/home/coder/workspace/Federated-learning-floor-vibration-classification-and-regression-analysis/TestData/20251124_Testing/vib/Data/TestSetup_006.hdf5,1651.6129032258063,1651.6129032258063,49548,1.0,7.0,17.0,30.0,False,True,S_to_N,excluded,,,,,,,0
testing_20251124,006,6,testing_20251124:006:006,/home/coder/workspace/Federated-learning-floor-vibration-classification-and-regression-analysis/TestData/20251124_Testing/vib/Data/TestSetup_006.hdf5,1651.6129032258063,1651.6129032258063,49548,1.0,7.0,18.0,30.0,False,True,N_to_S,excluded,,,,,,,0
testing_20251124,006,7,testing_20251124:006:007,/home/coder/workspace/Federated-learning-floor-vibration-classification-and-regression-analysis/TestData/20251124_Testing/vib/Data/TestSetup_006.hdf5,1651.6129032258063,1651.6129032258063,49548,1.0,7.0,17.0,30.0,False,True,S_to_N,excluded,,,,,,,0
testing_20251124,006,8,testing_20251124:006:008,/home/coder/workspace/Federated-learning-floor-vibration-classification-and-regression-analysis/TestData/20251124_Testing/vib/Data/TestSetup_006.hdf5,1651.6129032258063,1651.6129032258063,49548,1.0,7.0,18.0,30.0,False,True,N_to_S,excluded,,,,,,,0
testing_20251124,006,9,testing_20251124:006:009,/home/coder/workspace/Federated-learning-floor-vibration-classification-and-regression-analysis/TestData/20251124_Testing/vib/Data/TestSetup_006.hdf5,1651.6129032258063,1651.6129032258063,49548,1.0,7.0,18.0,30.0,False,True,S_to_N,excluded,,,,,,,0
testing_20251124,006,10,testing_20251124:006:010,/home/coder/workspace/Federated-learning-floor-vibration-classification-and-regression-analysis/TestData/20251124_Testing/vib/Data/TestSetup_006.hdf5,1651.6129032258063,1651.6129032258063,49548,1.0,7.0,18.0,30.0,False,True,N_to_S,excluded,,,,,,,0
testing_20251124,006,11,testing_20251124:006:011,/home/coder/workspace/Federated-learning-floor-vibration-classification-and-regression-analysis/TestData/20251124_Testing/vib/Data/TestSetup_006.hdf5,1651.6129032258063,1651.6129032258063,49548,1.0,7.0,18.0,30.0,False,True,S_to_N,excluded,,,,,,,0
testing_20251124,006,12,testing_20251124:006:012,/home/coder/workspace/Federated-learning-floor-vibration-classification-and-regression-analysis/TestData/20251124_Testing/vib/Data/TestSetup_006.hdf5,1651.6129032258063,1651.6129032258063,49548,1.0,7.0,18.0,30.0,False,True,N_to_S,excluded,,,,,,,0
testing_20251124,006,13,testing_20251124:006:013,/home/coder/workspace/Federated-learning-floor-vibration-classification-and-regression-analysis/TestData/20251124_Testing/vib/Data/TestSetup_006.hdf5,1651.6129032258063,1651.6129032258063,49548,1.0,7.0,17.0,30.0,False,True,S_to_N,excluded,,,,,,,0
testing_20251124,006,14,testing_20251124:006:014,/home/coder/workspace/Federated-learning-floor-vibration-classification-and-regression-analysis/TestData/20251124_Testing/vib/Data/TestSetup_006.hdf5,1651.6129032258063,1651.6129032258063,49548,1.0,7.0,19.0,30.0,False,True,N_to_S,excluded,,,,,,,0
testing_20251124,007,0,testing_20251124:007:000,/home/coder/workspace/Federated-learning-floor-vibration-classification-and-regression-analysis/TestData/20251124_Testing/vib/Data/TestSetup_007.hdf5,1651.6129032258063,1651.6129032258063,49548,1.0,7.0,18.0,30.0,False,False,N_to_S,train,1.24,1.23,1.2349999999999999,20251124-151041PST,20251124-151041_MLK_Walk.h5,/home/coder/workspace/Federated-learning-floor-vibration-classification-and-regression-analysis/TestData/20251124_Testing/APDM_Data/Moveo_Explorer_Subject_Export_007_20251124-153119PST/MLK Walk_trials.csv,8
testing_20251124,007,1,testing_20251124:007:001,/home/coder/workspace/Federated-learning-floor-vibration-classification-and-regression-analysis/TestData/20251124_Testing/vib/Data/TestSetup_007.hdf5,1651.6129032258063,1651.6129032258063,49548,1.0,7.0,16.0,30.0,False,False,S_to_N,train,1.3,1.3,1.3,20251124-151309PST,20251124-151309_MLK_Walk.h5,/home/coder/workspace/Federated-learning-floor-vibration-classification-and-regression-analysis/TestData/20251124_Testing/APDM_Data/Moveo_Explorer_Subject_Export_007_20251124-153119PST/MLK Walk_trials.csv,10
testing_20251124,007,2,testing_20251124:007:002,/home/coder/workspace/Federated-learning-floor-vibration-classification-and-regression-analysis/TestData/20251124_Testing/vib/Data/TestSetup_007.hdf5,1651.6129032258063,1651.6129032258063,49548,1.0,7.0,17.0,30.0,False,False,N_to_S,test,1.31,1.3,1.3050000000000002,20251124-151420PST,20251124-151420_MLK_Walk.h5,/home/coder/workspace/Federated-learning-floor-vibration-classification-and-regression-analysis/TestData/20251124_Testing/APDM_Data/Moveo_Explorer_Subject_Export_007_20251124-153119PST/MLK Walk_trials.csv,9
testing_20251124,007,3,testing_20251124:007:003,/home/coder/workspace/Federated-learning-floor-vibration-classification-and-regression-analysis/TestData/20251124_Testing/vib/Data/TestSetup_007.hdf5,1651.6129032258063,1651.6129032258063,49548,1.0,7.0,17.0,30.0,False,False,S_to_N,train,1.29,1.29,1.29,20251124-151528PST,20251124-151528_MLK_Walk.h5,/home/coder/workspace/Federated-learning-floor-vibration-classification-and-regression-analysis/TestData/20251124_Testing/APDM_Data/Moveo_Explorer_Subject_Export_007_20251124-153119PST/MLK Walk_trials.csv,9
testing_20251124,007,4,testing_20251124:007:004,/home/coder/workspace/Federated-learning-floor-vibration-classification-and-regression-analysis/TestData/20251124_Testing/vib/Data/TestSetup_007.hdf5,1651.6129032258063,1651.6129032258063,49548,1.0,7.0,17.0,30.0,False,False,N_to_S,train,1.3,1.29,1.295,20251124-151639PST,20251124-151639_MLK_Walk.h5,/home/coder/workspace/Federated-learning-floor-vibration-classification-and-regression-analysis/TestData/20251124_Testing/APDM_Data/Moveo_Explorer_Subject_Export_007_20251124-153119PST/MLK Walk_trials.csv,9
testing_20251124,007,5,testing_20251124:007:005,/home/coder/workspace/Federated-learning-floor-vibration-classification-and-regression-analysis/TestData/20251124_Testing/vib/Data/TestSetup_007.hdf5,1651.6129032258063,1651.6129032258063,49548,1.0,7.0,17.0,30.0,False,False,S_to_N,train,1.32,1.31,1.315,20251124-151840PST,20251124-151840_MLK_Walk.h5,/home/coder/workspace/Federated-learning-floor-vibration-classification-and-regression-analysis/TestData/20251124_Testing/APDM_Data/Moveo_Explorer_Subject_Export_007_20251124-153119PST/MLK Walk_trials.csv,9
testing_20251124,007,6,testing_20251124:007:006,/home/coder/workspace/Federated-learning-floor-vibration-classification-and-regression-analysis/TestData/20251124_Testing/vib/Data/TestSetup_007.hdf5,1651.6129032258063,1651.6129032258063,49548,1.0,7.0,18.0,30.0,False,False,N_to_S,train,1.28,1.27,1.275,20251124-152027PST,20251124-152027_MLK_Walk.h5,/home/coder/workspace/Federated-learning-floor-vibration-classification-and-regression-analysis/TestData/20251124_Testing/APDM_Data/Moveo_Explorer_Subject_Export_007_20251124-153119PST/MLK Walk_trials.csv,8
testing_20251124,007,7,testing_20251124:007:007,/home/coder/workspace/Federated-learning-floor-vibration-classification-and-regression-analysis/TestData/20251124_Testing/vib/Data/TestSetup_007.hdf5,1651.6129032258063,1651.6129032258063,49548,1.0,7.0,17.0,30.0,False,False,S_to_N,train,1.38,1.38,1.38,20251124-152137PST,20251124-152137_MLK_Walk.h5,/home/coder/workspace/Federated-learning-floor-vibration-classification-and-regression-analysis/TestData/20251124_Testing/APDM_Data/Moveo_Explorer_Subject_Export_007_20251124-153119PST/MLK Walk_trials.csv,9
testing_20251124,007,8,testing_20251124:007:008,/home/coder/workspace/Federated-learning-floor-vibration-classification-and-regression-analysis/TestData/20251124_Testing/vib/Data/TestSetup_007.hdf5,1651.6129032258063,1651.6129032258063,49548,1.0,7.0,18.0,30.0,True,False,N_to_S,skipped,1.33,1.31,1.32,20251124-152244PST,20251124-152244_MLK_Walk.h5,/home/coder/workspace/Federated-learning-floor-vibration-classification-and-regression-analysis/TestData/20251124_Testing/APDM_Data/Moveo_Explorer_Subject_Export_007_20251124-153119PST/MLK Walk_trials.csv,0
testing_20251124,007,9,testing_20251124:007:009,/home/coder/workspace/Federated-learning-floor-vibration-classification-and-regression-analysis/TestData/20251124_Testing/vib/Data/TestSetup_007.hdf5,1651.6129032258063,1651.6129032258063,49548,1.0,7.0,17.0,30.0,False,False,S_to_N,train,1.34,1.33,1.335,20251124-152358PST,20251124-152358_MLK_Walk.h5,/home/coder/workspace/Federated-learning-floor-vibration-classification-and-regression-analysis/TestData/20251124_Testing/APDM_Data/Moveo_Explorer_Subject_Export_007_20251124-153119PST/MLK Walk_trials.csv,9
testing_20251124,007,10,testing_20251124:007:010,/home/coder/workspace/Federated-learning-floor-vibration-classification-and-regression-analysis/TestData/20251124_Testing/vib/Data/TestSetup_007.hdf5,1651.6129032258063,1651.6129032258063,49548,1.0,7.0,17.0,30.0,False,False,N_to_S,train,1.35,1.34,1.3450000000000002,20251124-152508PST,20251124-152508_MLK_Walk.h5,/home/coder/workspace/Federated-learning-floor-vibration-classification-and-regression-analysis/TestData/20251124_Testing/APDM_Data/Moveo_Explorer_Subject_Export_007_20251124-153119PST/MLK Walk_trials.csv,9
testing_20251124,007,11,testing_20251124:007:011,/home/coder/workspace/Federated-learning-floor-vibration-classification-and-regression-analysis/TestData/20251124_Testing/vib/Data/TestSetup_007.hdf5,1651.6129032258063,1651.6129032258063,49548,1.0,7.0,17.0,30.0,False,False,S_to_N,test,1.39,1.37,1.38,20251124-152616PST,20251124-152616_MLK_Walk.h5,/home/coder/workspace/Federated-learning-floor-vibration-classification-and-regression-analysis/TestData/20251124_Testing/APDM_Data/Moveo_Explorer_Subject_Export_007_20251124-153119PST/MLK Walk_trials.csv,9
testing_20251124,007,12,testing_20251124:007:012,/home/coder/workspace/Federated-learning-floor-vibration-classification-and-regression-analysis/TestData/20251124_Testing/vib/Data/TestSetup_007.hdf5,1651.6129032258063,1651.6129032258063,49548,1.0,7.0,17.0,30.0,False,False,N_to_S,test,1.5,1.5,1.5,20251124-152759PST,20251124-152759_MLK_Walk.h5,/home/coder/workspace/Federated-learning-floor-vibration-classification-and-regression-analysis/TestData/20251124_Testing/APDM_Data/Moveo_Explorer_Subject_Export_007_20251124-153119PST/MLK Walk_trials.csv,9
testing_20251124,007,13,testing_20251124:007:013,/home/coder/workspace/Federated-learning-floor-vibration-classification-and-regression-analysis/TestData/20251124_Testing/vib/Data/TestSetup_007.hdf5,1651.6129032258063,1651.6129032258063,49548,1.0,7.0,16.0,30.0,False,False,S_to_N,train,1.46,1.45,1.455,20251124-152910PST,20251124-152910_MLK_Walk.h5,/home/coder/workspace/Federated-learning-floor-vibration-classification-and-regression-analysis/TestData/20251124_Testing/APDM_Data/Moveo_Explorer_Subject_Export_007_20251124-153119PST/MLK Walk_trials.csv,10
testing_20251124,007,14,testing_20251124:007:014,/home/coder/workspace/Federated-learning-floor-vibration-classification-and-regression-analysis/TestData/20251124_Testing/vib/Data/TestSetup_007.hdf5,1651.6129032258063,1651.6129032258063,49548,1.0,7.0,18.0,30.0,False,False,N_to_S,train,1.37,1.35,1.36,20251124-153021PST,20251124-153021_MLK_Walk.h5,/home/coder/workspace/Federated-learning-floor-vibration-classification-and-regression-analysis/TestData/20251124_Testing/APDM_Data/Moveo_Explorer_Subject_Export_007_20251124-153119PST/MLK Walk_trials.csv,8
testing_20251124,008,0,testing_20251124:008:000,/home/coder/workspace/Federated-learning-floor-vibration-classification-and-regression-analysis/TestData/20251124_Testing/vib/Data/TestSetup_008.hdf5,1651.6129032258063,1651.6129032258063,49548,1.0,7.0,16.0,0.0,False,False,N_to_S,train,1.39,1.38,1.3849999999999998,20251124-153654PST,20251124-153654_MLK_Walk.h5,/home/coder/workspace/Federated-learning-floor-vibration-classification-and-regression-analysis/TestData/20251124_Testing/APDM_Data/Moveo_Explorer_Subject_Export_008_20251124-160633PST/MLK Walk_trials.csv,10
testing_20251124,008,1,testing_20251124:008:001,/home/coder/workspace/Federated-learning-floor-vibration-classification-and-regression-analysis/TestData/20251124_Testing/vib/Data/TestSetup_008.hdf5,1651.6129032258063,1651.6129032258063,49548,1.0,7.0,17.0,0.0,False,False,S_to_N,train,1.4,1.39,1.395,20251124-153906PST,20251124-153906_MLK_Walk.h5,/home/coder/workspace/Federated-learning-floor-vibration-classification-and-regression-analysis/TestData/20251124_Testing/APDM_Data/Moveo_Explorer_Subject_Export_008_20251124-160633PST/MLK Walk_trials.csv,9
testing_20251124,008,2,testing_20251124:008:002,/home/coder/workspace/Federated-learning-floor-vibration-classification-and-regression-analysis/TestData/20251124_Testing/vib/Data/TestSetup_008.hdf5,1651.6129032258063,1651.6129032258063,49548,1.0,7.0,16.0,0.0,False,False,N_to_S,train,1.42,1.41,1.415,20251124-154023PST,20251124-154023_MLK_Walk.h5,/home/coder/workspace/Federated-learning-floor-vibration-classification-and-regression-analysis/TestData/20251124_Testing/APDM_Data/Moveo_Explorer_Subject_Export_008_20251124-160633PST/MLK Walk_trials.csv,10
testing_20251124,008,3,testing_20251124:008:003,/home/coder/workspace/Federated-learning-floor-vibration-classification-and-regression-analysis/TestData/20251124_Testing/vib/Data/TestSetup_008.hdf5,1651.6129032258063,1651.6129032258063,49548,1.0,7.0,16.0,30.0,False,False,S_to_N,train,1.43,1.43,1.43,20251124-154147PST,20251124-154147_MLK_Walk.h5,/home/coder/workspace/Federated-learning-floor-vibration-classification-and-regression-analysis/TestData/20251124_Testing/APDM_Data/Moveo_Explorer_Subject_Export_008_20251124-160633PST/MLK Walk_trials.csv,10
testing_20251124,008,4,testing_20251124:008:004,/home/coder/workspace/Federated-learning-floor-vibration-classification-and-regression-analysis/TestData/20251124_Testing/vib/Data/TestSetup_008.hdf5,1651.6129032258063,1651.6129032258063,49548,1.0,7.0,17.0,30.0,False,False,N_to_S,train,1.43,1.42,1.4249999999999998,20251124-154300PST,20251124-154300_MLK_Walk.h5,/home/coder/workspace/Federated-learning-floor-vibration-classification-and-regression-analysis/TestData/20251124_Testing/APDM_Data/Moveo_Explorer_Subject_Export_008_20251124-160633PST/MLK Walk_trials.csv,9
testing_20251124,008,5,testing_20251124:008:005,/home/coder/workspace/Federated-learning-floor-vibration-classification-and-regression-analysis/TestData/20251124_Testing/vib/Data/TestSetup_008.hdf5,1651.6129032258063,1651.6129032258063,49548,1.0,7.0,16.0,30.0,False,False,S_to_N,test,1.48,1.46,1.47,20251124-154412PST,20251124-154412_MLK_Walk.h5,/home/coder/workspace/Federated-learning-floor-vibration-classification-and-regression-analysis/TestData/20251124_Testing/APDM_Data/Moveo_Explorer_Subject_Export_008_20251124-160633PST/MLK Walk_trials.csv,10
testing_20251124,008,6,testing_20251124:008:006,/home/coder/workspace/Federated-learning-floor-vibration-classification-and-regression-analysis/TestData/20251124_Testing/vib/Data/TestSetup_008.hdf5,1651.6129032258063,1651.6129032258063,49548,1.0,7.0,17.0,30.0,True,False,N_to_S,skipped,1.46,1.45,1.455,20251124-154529PST,20251124-154529_MLK_Walk.h5,/home/coder/workspace/Federated-learning-floor-vibration-classification-and-regression-analysis/TestData/20251124_Testing/APDM_Data/Moveo_Explorer_Subject_Export_008_20251124-160633PST/MLK Walk_trials.csv,0
testing_20251124,008,7,testing_20251124:008:007,/home/coder/workspace/Federated-learning-floor-vibration-classification-and-regression-analysis/TestData/20251124_Testing/vib/Data/TestSetup_008.hdf5,1651.6129032258063,1651.6129032258063,49548,1.0,7.0,17.0,30.0,False,False,S_to_N,train,1.46,1.45,1.455,20251124-154714PST,20251124-154714_MLK_Walk.h5,/home/coder/workspace/Federated-learning-floor-vibration-classification-and-regression-analysis/TestData/20251124_Testing/APDM_Data/Moveo_Explorer_Subject_Export_008_20251124-160633PST/MLK Walk_trials.csv,9
testing_20251124,008,8,testing_20251124:008:008,/home/coder/workspace/Federated-learning-floor-vibration-classification-and-regression-analysis/TestData/20251124_Testing/vib/Data/TestSetup_008.hdf5,1651.6129032258063,1651.6129032258063,49548,1.0,7.0,16.0,30.0,False,False,N_to_S,test,1.46,1.45,1.455,20251124-154823PST,20251124-154823_MLK_Walk.h5,/home/coder/workspace/Federated-learning-floor-vibration-classification-and-regression-analysis/TestData/20251124_Testing/APDM_Data/Moveo_Explorer_Subject_Export_008_20251124-160633PST/MLK Walk_trials.csv,10
testing_20251124,008,9,testing_20251124:008:009,/home/coder/workspace/Federated-learning-floor-vibration-classification-and-regression-analysis/TestData/20251124_Testing/vib/Data/TestSetup_008.hdf5,1651.6129032258063,1651.6129032258063,49548,1.0,7.0,16.0,30.0,False,False,S_to_N,train,1.47,1.46,1.4649999999999999,20251124-154933PST,20251124-154933_MLK_Walk.h5,/home/coder/workspace/Federated-learning-floor-vibration-classification-and-regression-analysis/TestData/20251124_Testing/APDM_Data/Moveo_Explorer_Subject_Export_008_20251124-160633PST/MLK Walk_trials.csv,10
testing_20251124,008,10,testing_20251124:008:010,/home/coder/workspace/Federated-learning-floor-vibration-classification-and-regression-analysis/TestData/20251124_Testing/vib/Data/TestSetup_008.hdf5,1651.6129032258063,1651.6129032258063,49548,1.0,7.0,17.0,30.0,False,False,N_to_S,train,1.44,1.43,1.435,20251124-155050PST,20251124-155050_MLK_Walk.h5,/home/coder/workspace/Federated-learning-floor-vibration-classification-and-regression-analysis/TestData/20251124_Testing/APDM_Data/Moveo_Explorer_Subject_Export_008_20251124-160633PST/MLK Walk_trials.csv,9
testing_20251124,008,11,testing_20251124:008:011,/home/coder/workspace/Federated-learning-floor-vibration-classification-and-regression-analysis/TestData/20251124_Testing/vib/Data/TestSetup_008.hdf5,1651.6129032258063,1651.6129032258063,49548,1.0,7.0,16.0,30.0,True,False,S_to_N,skipped,,,,,,,0
testing_20251124,008,12,testing_20251124:008:012,/home/coder/workspace/Federated-learning-floor-vibration-classification-and-regression-analysis/TestData/20251124_Testing/vib/Data/TestSetup_008.hdf5,1651.6129032258063,1651.6129032258063,49548,1.0,7.0,18.0,30.0,True,False,N_to_S,skipped,,,,,,,0
testing_20251124,008,13,testing_20251124:008:013,/home/coder/workspace/Federated-learning-floor-vibration-classification-and-regression-analysis/TestData/20251124_Testing/vib/Data/TestSetup_008.hdf5,1651.6129032258063,1651.6129032258063,49548,1.0,7.0,16.5,30.0,False,False,S_to_N,train,1.37,1.37,1.37,20251124-160009PST,20251124-160009_MLK_Walk.h5,/home/coder/workspace/Federated-learning-floor-vibration-classification-and-regression-analysis/TestData/20251124_Testing/APDM_Data/Moveo_Explorer_Subject_Export_008_20251124-160633PST/MLK Walk_trials.csv,9
testing_20251124,008,14,testing_20251124:008:014,/home/coder/workspace/Federated-learning-floor-vibration-classification-and-regression-analysis/TestData/20251124_Testing/vib/Data/TestSetup_008.hdf5,1651.6129032258063,1651.6129032258063,49548,1.0,7.0,16.5,30.0,False,False,N_to_S,train,1.38,1.37,1.375,20251124-160133PST,20251124-160133_MLK_Walk.h5,/home/coder/workspace/Federated-learning-floor-vibration-classification-and-regression-analysis/TestData/20251124_Testing/APDM_Data/Moveo_Explorer_Subject_Export_008_20251124-160633PST/MLK Walk_trials.csv,9
testing_20251124,008,15,testing_20251124:008:015,/home/coder/workspace/Federated-learning-floor-vibration-classification-and-regression-analysis/TestData/20251124_Testing/vib/Data/TestSetup_008.hdf5,1651.6129032258063,1651.6129032258063,49548,1.0,7.0,16.0,30.0,False,False,S_to_N,test,1.4,1.39,1.395,20251124-160253PST,20251124-160253_MLK_Walk.h5,/home/coder/workspace/Federated-learning-floor-vibration-classification-and-regression-analysis/TestData/20251124_Testing/APDM_Data/Moveo_Explorer_Subject_Export_008_20251124-160633PST/MLK Walk_trials.csv,10
testing_20251124,008,16,testing_20251124:008:016,/home/coder/workspace/Federated-learning-floor-vibration-classification-and-regression-analysis/TestData/20251124_Testing/vib/Data/TestSetup_008.hdf5,1651.6129032258063,1651.6129032258063,49548,1.0,7.0,17.0,30.0,False,False,N_to_S,train,1.37,1.37,1.37,20251124-160407PST,20251124-160407_MLK_Walk.h5,/home/coder/workspace/Federated-learning-floor-vibration-classification-and-regression-analysis/TestData/20251124_Testing/APDM_Data/Moveo_Explorer_Subject_Export_008_20251124-160633PST/MLK Walk_trials.csv,9
testing_20251124,008,17,testing_20251124:008:017,/home/coder/workspace/Federated-learning-floor-vibration-classification-and-regression-analysis/TestData/20251124_Testing/vib/Data/TestSetup_008.hdf5,1651.6129032258063,1651.6129032258063,49548,1.0,7.0,16.5,30.0,False,False,S_to_N,train,1.43,1.42,1.4249999999999998,20251124-160523PST,20251124-160523_MLK_Walk.h5,/home/coder/workspace/Federated-learning-floor-vibration-classification-and-regression-analysis/TestData/20251124_Testing/APDM_Data/Moveo_Explorer_Subject_Export_008_20251124-160633PST/MLK Walk_trials.csv,9
