epoch,optimization_loss,train_loss,train_rmse_mps,train_mae_mps,train_r2,train_within_0_10_mps_pct,learning_rate
1.0,0.23468393668740617,0.018795350590608936,0.13709613565175624,0.11797032013196136,0.2174632316788181,44.20289855072464,0.001
2.0,0.017254962053682123,0.013730096136167737,0.11717549363382564,0.09883476735148618,0.4283530256624176,52.484472049689444,0.000999321619703514
3.0,0.011109187387269353,0.009569427687467479,0.09782345071617214,0.08034444645078039,0.6015807785028954,67.49482401656314,0.0009972883382072953
4.0,0.00664523121848795,0.00560374622488458,0.07485817403604991,0.06060942988958418,0.7666903057568778,82.19461697722568,0.0009939057285945933
5.0,0.005333714216068294,0.004943323088327797,0.07030876985211051,0.05724708806900751,0.7941867529414153,83.54037267080744,0.000989183062363234
6.0,0.004992852449285996,0.004735769848479054,0.0688169302179405,0.05583676208373676,0.8028281473845167,85.40372670807453,0.0009831332840130888
7.0,0.004678226760578945,0.004878158738699743,0.06984381737612677,0.05660912129202738,0.7968998417483557,84.16149068322981,0.0009757729755661012
8.0,0.004634877757456609,0.004403660020760384,0.06636007799949338,0.0522124319343093,0.8166554093213828,87.47412008281573,0.0009671223111161149
9.0,0.00445110298833939,0.004225622718956362,0.06500478920636388,0.051836791739453936,0.8240679212268317,87.47412008281573,0.0009572050015330875
10.0,0.004212918473450047,0.005184599832057043,0.07200416498244737,0.05788645376576647,0.7841412974919468,81.57349896480332,0.0009460482294732422
11.0,0.00426602481592516,0.003998765883765783,0.06323579621769929,0.04941544806735116,0.8335130074984296,88.71635610766046,0.0009336825748732973
12.0,0.004168388329631423,0.0038778347674372567,0.062272263426949345,0.04875252483794408,0.8385479259411255,88.6128364389234,0.000920141931132985
13.0,0.003949714274296062,0.0046445564589825674,0.06815098284045218,0.0536993161985346,0.8066257811243616,86.74948240165632,0.0009054634122155991
14.0,0.003849926455752388,0.003859088403162186,0.06212156188386609,0.04927873956984368,0.8393284222402402,88.30227743271222,0.0008896872509212008
15.0,0.00385974527685662,0.004362328481517239,0.06604792535923237,0.052018353904502976,0.8183762298364782,87.5776397515528,0.0008728566886113103
16.0,0.003767830473958952,0.0034922991691766535,0.05909567741718375,0.04601447688373226,0.8545995480946672,89.54451345755695,0.0008550178566873412
17.0,0.0034779513960484392,0.003492549689194741,0.05909779724411386,0.04601327405459639,0.8545891165593931,90.26915113871635,0.000836219650147635
18.0,0.003429361847908994,0.003351705161951999,0.057893913169006106,0.04554859044388955,0.860453118234062,91.09730848861284,0.0008165135935696697
19.0,0.003392492907842926,0.0032069906285965397,0.056630297522060905,0.043464159126360716,0.8664782510926974,91.51138716356108,0.0007959536998847743
20.0,0.003497145827049794,0.0032460162551285685,0.056973821129653004,0.04344231112403159,0.8648534320873832,91.51138716356108,0.0007745963223324385
21.0,0.0036721108664467344,0.0033026883725340113,0.057469020869259195,0.04466101113807094,0.8624939136923201,90.99378881987577,0.0007525000000000001
22.0,0.003247567045639267,0.002892738745932749,0.053784186702356976,0.04132418010545814,0.8795619993700342,92.33954451345755,0.0007297252973710758
23.0,0.0029491885549795677,0.0028418994923669356,0.053309468790371045,0.04059866484154332,0.8816786719664191,92.7536231884058,0.0007063346383225213
24.0,0.0028371796526273185,0.0030199712150543157,0.05495426472550237,0.04154907114510704,0.8742647271450757,91.7184265010352,0.000682392135024924
25.0,0.002851434228903234,0.0028325694790432964,0.053221888892781205,0.04043040981450683,0.8820671229455969,92.85714285714286,0.0006579634122155991
26.0,0.0028336621805501033,0.0032297099959037764,0.05683053742973073,0.04380448054576266,0.8655323386525093,91.82194616977226,0.0006331154273257479
27.0,0.0029308707530438655,0.0027372413558314707,0.052318651892227,0.03993978806410764,0.8860360705041901,93.06418219461698,0.0006079162869547909
28.0,0.002495062871070629,0.003550491787929003,0.059586003231568076,0.04674314810869363,0.8521767190480734,90.89026915113871,0.0005824350601949144
29.0,0.002699419051287291,0.0022788355640060024,0.047737150903312105,0.03633799093850651,0.9051216078177233,94.92753623188406,0.0005567415893174886
30.0,0.0023199984125067976,0.002543470237546795,0.05043282871124296,0.03842033177429104,0.8941036524251404,93.58178053830227,0.0005309062983402573
31.0,0.0023706714443353393,0.0027700468816352895,0.052631234928015594,0.04089485438960926,0.8846702245993444,93.68530020703933,0.0005050000000000002
32.0,0.0022366600608603555,0.002186360517689668,0.0467585341608908,0.03564293056294538,0.9089717693003707,95.8592132505176,0.00047909370165974305
33.0,0.002130830876180212,0.002119770316604364,0.046040963518095904,0.035119155672519595,0.9117442249883799,96.27329192546584,0.00045325841068251176
34.0,0.002150666885999635,0.0026603910173472658,0.05157897865170167,0.0403336224842269,0.8892357013595709,93.68530020703933,0.0004275649398050859
35.0,0.0020539579945799604,0.0019387560197601469,0.04403130753773261,0.032982103079248905,0.9192806808235598,96.79089026915115,0.00040208371304520927
36.0,0.0019475795027576234,0.001850224235569904,0.04301423259670573,0.03220571481910058,0.9229666678668731,97.30848861283644,0.00037688457267425244
37.0,0.0018840347812342309,0.002013699859618132,0.044874267418389124,0.03469306958634907,0.9161604248301141,97.4120082815735,0.0003520365877844012
38.0,0.001981081241897479,0.0017630237708539233,0.04198837594021959,0.03144225151148889,0.9265972248688759,97.61904761904762,0.0003276078649750765
39.0,0.0017672155484341192,0.002301909357579772,0.0479782173557281,0.03842404219427958,0.9041609410289317,96.48033126293996,0.0003036653616774791
40.0,0.0018872118394245348,0.00173437087608026,0.04164577844807369,0.031409673439049574,0.9277901746871108,98.03312629399586,0.00028027470262892445
41.0,0.0017089396868215385,0.001652294475952545,0.04064842510300392,0.03039272453473962,0.9312073921784322,97.82608695652173,0.0002575000000000002
42.0,0.0016763126000368632,0.001637998016673578,0.040472188256982934,0.030375260003605246,0.9318026186855252,98.24016563146998,0.0002354036776675618
43.0,0.0020756878401779455,0.0019547342282756545,0.04421237635153071,0.034176515743105554,0.9186154358339308,96.79089026915115,0.0002140463001152259
44.0,0.0018081818931441037,0.0016303413602288266,0.04037748602197401,0.030431769649434535,0.9321213999792651,98.55072463768117,0.0001934864064303306
45.0,0.0016228775956569621,0.0015683510562734713,0.039602412280636524,0.02960822560031962,0.9347023416932957,98.24016563146998,0.00017378034985236537
46.0,0.0015812192513394376,0.0015711557151960385,0.039637806334432986,0.029808087625365326,0.9345855719575752,98.65424430641822,0.00015498214331265904
47.0,0.0015419652120559236,0.0015217751021979968,0.03900993569941235,0.029147084948932655,0.9366415134723343,98.55072463768117,0.00013714331138868998
48.0,0.0015668987080683318,0.0016846849073501166,0.041044912909016164,0.03160883032757303,0.9298588305366182,98.24016563146998,0.00012031274907879943
49.0,0.0015943001887778411,0.0015866096320045788,0.03983226873521207,0.030251460909596635,0.9339421533862802,98.4472049689441,0.00010453658778440108
50.0,0.001583882812873362,0.0015493893146748205,0.03936228268850681,0.029410498606245464,0.9354918068569898,98.13664596273291,8.985806886701516e-05
51.0,0.0015191362977199504,0.0014825334324642214,0.03850368100841345,0.02863520223408259,0.9382753228601037,98.24016563146998,7.631742512670285e-05
52.0,0.0014926132588892187,0.0014632544031354172,0.038252508472847245,0.028446732470707864,0.9390779981280118,98.55072463768117,6.395177052675796e-05
53.0,0.0014825856407591398,0.0014632769136527634,0.0382528024299382,0.02844361710992659,0.9390770617960446,98.24016563146998,5.2794998466912526e-05
54.0,0.001481097795100069,0.0014511878968203945,0.03809445994262537,0.028334785569034994,0.9395803830353447,98.65424430641822,4.287768888388514e-05
55.0,0.0014574560821531187,0.0014540338024687923,0.03813179534097614,0.02833640994986145,0.9394618935808664,98.4472049689441,3.4227024433899005e-05
56.0,0.001453181730648869,0.0014500095402700422,0.038078991002411196,0.02831024918743789,0.9396294420157246,98.4472049689441,2.6866715986911188e-05
57.0,0.0014485585661212128,0.0014414213931956377,0.03796605590116354,0.028218583660836547,0.939987006358427,98.75776397515527,2.0816937636766188e-05
58.0,0.0014445796762819654,0.001440993354966243,0.0379604184437549,0.028211416541666225,0.9400048273076679,98.65424430641822,1.6094271405406862e-05
59.0,0.0014438247267160695,0.0014412461336645226,0.03796374741512813,0.02831651014324054,0.9399943041902725,98.75776397515527,1.2711661792704668e-05
60.0,0.001444022117932684,0.001434661864252919,0.037876930561164555,0.028159618871305792,0.9402684367215677,98.75776397515527,1.0678380296485954e-05
