sensor,location_x,location_y,lane,walk_window_s,walk_rms,quiet_rms,time_snr_db,walk_20_50_snr_db,line_55_65_snr_db,line_115_125_snr_db,full_0p5_200_snr_db,peak_hz,peak_type,artifact_dominated,timing_vs_location,score,decision
11,443.0,1105.0,right,16.23-18.23,0.0001852951,0.0001653151,0.991,1.136,1.005,0.191,0.515,120.161,fixed-line/artifact?,True,poor,-5,DROP
12,443.0,1105.0,right,11.96-13.96,0.0002854416,0.0002730317,0.386,-0.184,0.388,-0.060,-0.055,120.161,fixed-line/artifact?,True,good,-3,DROP
13,443.0,1105.0,right,15.08-17.08,0.0004821819,0.0004428713,0.739,2.176,0.034,-0.592,0.871,120.161,fixed-line/artifact?,True,good,-3,DROP
14,311.0,1010.0,center,15.83-17.83,0.001110553,0.001080714,0.237,3.116,0.940,-0.368,0.001,120.161,fixed-line/artifact?,True,good,-1,DROP
1,83.0,991.0,left,17.89-19.89,0.001696371,0.0004114053,12.305,13.916,7.265,2.847,12.469,37.903,walking/structural band,False,good,11,USE
15,311.0,973.0,center,18.39-20.39,0.0004114474,0.0002909731,3.009,3.272,0.687,-0.430,1.570,37.903,walking/structural band,False,good,3,DROP
3,84.0,905.0,left,19.90-21.90,0.001737799,0.0004070315,12.607,17.367,4.121,-0.855,9.996,32.258,walking/structural band,False,good,10,USE
16,141.0,905.0,center,19.45-21.45,0.0006169957,0.0002843782,6.728,6.205,-0.337,1.634,4.914,37.903,walking/structural band,False,good,7,MAYBE
2,0.3,886.0,left,18.44-20.44,0.001898132,0.0004373542,12.750,17.372,9.119,1.169,11.588,32.258,walking/structural band,False,good,11,USE
4,0.3,739.0,left,21.41-23.41,0.001023211,0.0002112501,13.703,19.276,4.124,2.507,13.277,43.548,walking/structural band,False,good,11,USE
17,167.0,733.0,center,22.16-24.16,0.0004777156,0.00030202,3.983,4.017,2.194,-0.447,2.035,120.161,fixed-line/artifact?,True,good,0,DROP
5,83.0,553.0,left,23.42-25.42,0.001703713,0.0002575831,16.410,15.392,3.865,8.224,14.982,33.065,walking/structural band,False,good,11,USE
18,264.0,469.0,center,24.83-26.83,0.0004098337,0.000337268,1.693,1.910,1.463,-0.394,0.991,58.871,fixed-line/artifact?,True,good,-3,DROP
6,30.0,372.0,left,26.33-28.33,0.001313477,0.0002454516,14.569,17.961,0.716,4.197,13.262,33.065,walking/structural band,False,good,11,USE
19,192.0,267.0,center,27.29-29.29,0.0005066615,0.0003078197,4.328,2.726,0.715,-1.460,1.742,58.871,fixed-line/artifact?,True,good,-2,DROP
7,84.0,234.0,left,27.89-29.89,0.0006205129,0.0002369262,8.363,3.187,-0.512,-6.168,2.105,58.871,fixed-line/artifact?,True,good,1,DROP
20,408.0,181.0,right,11.46-13.46,0.0003960443,0.0003967162,-0.015,1.037,-0.019,-2.950,-0.154,58.871,fixed-line/artifact?,True,poor,-5,DROP
8,0.0,103.0,left,27.89-29.89,0.0004261005,0.0001178734,11.162,1.226,-0.113,2.382,10.194,133.065,walking/structural band,False,good,6,MAYBE
9,0.0,103.0,left,27.99-29.99,0.0006001325,0.0001485385,12.128,4.187,1.633,8.633,6.143,133.065,walking/structural band,False,good,6,MAYBE
10,0.0,103.0,left,27.99-29.99,0.0004784404,0.0002065186,7.297,3.203,-0.499,1.165,5.857,138.710,walking/structural band,False,good,4,MAYBE
