sensor_label,channel,daq_channel,model,serial,units,location_x,location_y,location_z,direction_x,direction_y,direction_z,trial_number,run_index,fs_hz,stomp_time_s,walking_start_s,walking_end_s,walking_center_s,walking_rms,fft_peak_frequency_hz,fft_peak_amplitude,psd_peak_frequency_hz,psd_peak
1,1,cDAQ1Mod1/ai0,393B31,51815,g,83,991,0,0,0,-1,1,0,1651.6129,10.044727,17.890391,19.890254,18.890322,0.001696371,38.002598,0.00054520083,37.903226,1.224623e-07
2,2,cDAQ1Mod1/ai1,393B31,51819,g,0.3,886,0,0,0,-1,1,0,1651.6129,10.044727,18.443184,20.443047,19.443115,0.0018981318,32.002188,0.00052150905,32.258065,1.2948739e-07
3,3,cDAQ1Mod1/ai2,393B31,72538,g,84,905,0,0,0,-1,1,0,1651.6129,10.044727,19.900547,21.90041,20.900479,0.0017377995,32.502222,0.00043465487,32.258065,8.8491687e-08
4,4,cDAQ1Mod1/ai3,393B31,51835,g,0.3,739,0,0,0,-1,1,0,1651.6129,10.044727,21.408164,23.408027,22.408096,0.0010232115,43.502974,0.00048743897,43.548387,9.6783907e-08
5,5,cDAQ1Mod2/ai0,393B31,51836,g,83,553,0,0,0,-1,1,0,1651.6129,10.044727,23.41832,25.418184,24.418252,0.001703713,33.002256,0.00043637382,33.064516,8.7430533e-08
6,6,cDAQ1Mod2/ai1,393B31,61292,g,30,372,0,0,0,-1,1,0,1651.6129,10.044727,26.333047,28.33291,27.332979,0.001313477,33.002256,0.0006064572,33.064516,1.4522536e-07
7,7,cDAQ1Mod2/ai2,393B31,61321,g,84,234,0,0,0,-1,1,0,1651.6129,10.044727,27.890918,29.890781,28.89085,0.00062051294,59.004033,0.00017593873,58.870968,1.366856e-08
8,8,cDAQ1Mod2/ai3,393A03,67865,g,0,103,0,-1,0,0,1,0,1651.6129,10.044727,27.890918,29.890781,28.89085,0.00042610049,133.00909,0.00030418867,133.06452,3.9384659e-08
9,9,cDAQ1Mod3/ai0,393A03,67866,g,0,103,0,0,-1,0,1,0,1651.6129,10.044727,27.991426,29.991289,28.991357,0.00060013248,132.50906,8.4375863e-05,133.06452,2.8110873e-09
10,10,cDAQ1Mod3/ai1,393A03,68542,g,0,103,0,0,0,-1,1,0,1651.6129,10.044727,27.991426,29.991289,28.991357,0.00047844036,139.0095,0.00016574493,138.70968,1.2596625e-08
11,11,cDAQ1Mod3/ai2,393A03,68578,g,443,1105,0,-1,0,0,1,0,1651.6129,10.044727,16.232012,18.231875,17.231943,0.00018529513,120.0082,0.00010288729,120.16129,4.2653741e-09
12,12,cDAQ1Mod3/ai3,393A03,68588,g,443,1105,0,0,-1,0,1,0,1651.6129,10.044727,11.96043,13.960293,12.960361,0.00028544164,120.0082,0.00028144358,120.16129,3.0561889e-08
13,13,cDAQ1Mod4/ai0,393A03,68595,g,443,1105,0,0,0,-1,1,0,1651.6129,10.044727,15.076172,17.076035,16.076104,0.00048218192,120.0082,0.00050930863,120.16129,1.0065253e-07
14,14,cDAQ1Mod4/ai1,393A03,61596,g,311,1010,0,0,0,-1,1,0,1651.6129,10.044727,15.82998,17.829844,16.829912,0.0011105535,120.0082,0.0014175704,120.16129,7.629498e-07
15,15,cDAQ1Mod4/ai2,393B31,61603,g,311,973,0,0,0,-1,1,0,1651.6129,10.044727,18.39293,20.392793,19.392861,0.0004114474,38.502632,0.00015426394,37.903226,1.0380198e-08
16,16,cDAQ1Mod4/ai3,393B31,61605,g,141,905,0,0,0,-1,1,0,1651.6129,10.044727,19.448262,21.448125,20.448193,0.00061699569,38.502632,0.00032667693,37.903226,3.9972774e-08
17,17,cDAQ1Mod5/ai0,393B31,72955,g,167,733,0,0,0,-1,1,0,1651.6129,10.044727,22.161973,24.161836,23.161904,0.00047771557,120.0082,0.00024826814,120.16129,2.5894319e-08
18,18,cDAQ1Mod5/ai1,393B31,72956,g,264,469,0,0,0,-1,1,0,1651.6129,10.044727,24.82543,26.825293,25.825361,0.00040983372,59.004033,0.00029205024,58.870968,3.523476e-08
19,19,cDAQ1Mod5/ai2,393B31,61462,g,192,267,0,0,0,-1,1,0,1651.6129,10.044727,27.287871,29.287734,28.287803,0.00050666153,59.004033,0.00037848518,58.870968,5.6156339e-08
20,20,cDAQ1Mod5/ai3,393B31,61593,g,408,181,0,0,0,-1,1,0,1651.6129,10.044727,11.457891,13.457754,12.457822,0.00039604433,59.004033,0.00046954404,58.870968,9.6663193e-08
