epoch,optimization_loss_standardized_mse,train_run_loss_mse,train_run_rmse_mps,train_run_mae_mps,train_run_bias_mps,train_run_r2,train_run_within_0_10_mps_pct,learning_rate
0,0.999999991950712,0.0009997622946850931,0.03161901792727113,0.0220742044704301,1.3836792537144253e-08,0.957837006696929,98.21428571428571,0.001
1,1.0000056073601757,0.000999768190289225,0.03161911115590103,0.022087514400482178,-9.343879563467843e-05,0.9578367580615095,98.21428571428571,0.001
2,1.0000062457818006,0.0009997686644530443,0.031619118653957515,0.0220786024417196,-3.085285425186157e-05,0.9578367380645901,98.21428571428571,0.000999321619703514
3,1.0000022532684463,0.0009997644659648839,0.03161905226228142,0.02208086316074644,-4.659699542181832e-05,0.9578369151275071,98.21428571428571,0.0009972883382072953
4,1.0000000497592347,0.0009997623275852519,0.03161901844753015,0.022073693573474884,5.7358826909746445e-06,0.95783700530943,98.21428571428571,0.0009939057285945933
5,1.0000061120704882,0.000999768441405559,0.03161911512685893,0.022076120334012166,-1.345468418938773e-05,0.9578367474711758,98.21428571428571,0.000989183062363234
6,1.0000027152044433,0.0009997650444550285,0.03161906141008978,0.022081697625773295,-5.2438250609806604e-05,0.9578368907308318,98.21428571428571,0.0009831332840130888
7,0.9999339351696628,0.000999696055828154,0.0316179704571333,0.022082165947982242,-5.508001361574445e-05,0.9578398001894385,98.21428571428571,0.0009757729755661012
8,0.9996698046369212,0.0009994321604776296,0.03161379699557821,0.0221148995416505,-0.0002919297133173261,0.9578509294528204,98.21428571428571,0.0009671223111161149
9,0.9997483878396451,0.0009995108049767967,0.031615040803022805,0.022095719618456706,-0.0001587431345667158,0.9578476127769372,98.21428571428571,0.0009572050015330875
10,0.9998051757658166,0.0009995675375101345,0.03161593802989458,0.022084079682826996,-7.679739168712072e-05,0.9578452201947846,98.21428571428571,0.0009460482294732422
11,0.9985428279531854,0.0009983053343148387,0.031595970222717304,0.022194803825446537,-0.00091475567647389,0.957898451112927,98.21428571428571,0.0009336825748732973
12,0.9989129842392036,0.0009986755928316374,0.031601828947572595,0.022118530103138516,-0.0003618555409567697,0.9578828361938136,98.21428571428571,0.000920141931132985
13,0.9990089825753655,0.0009987715300604652,0.03160334681739365,0.02208403923681804,-0.00011271131890160697,0.9578787902313303,98.21428571428571,0.0009054634122155991
14,0.9980873253994754,0.0009978500100367477,0.03158876398399829,0.022112061934811727,-0.0003504657319613865,0.9579176535119273,98.21428571428571,0.0008896872509212008
15,0.9972620045633188,0.0009970248431794917,0.03157570020093761,0.022136661623205458,-0.0005609872085707528,0.9579524532886956,98.21428571428571,0.0008728566886113103
16,0.9979033709636757,0.0009976661868509953,0.03158585422069499,0.022067200924668993,-1.9979264054979596e-05,0.9579254058904587,98.21428571428571,0.0008550178566873412
17,0.9939762123062142,0.0009937401075094904,0.03152364362680003,0.02211506345442363,-0.0005583901490483965,0.9580909805054079,98.21428571428571,0.000836219650147635
18,0.9938327399348574,0.0009935964679638992,0.03152136526173794,0.022098023976598467,-0.00042828917503356934,0.9580970382185573,98.21428571428571,0.0008165135935696697
19,0.9885282428669078,0.0009882933195203439,0.031437132813288554,0.02220736869743892,-0.0014684519597462245,0.9583206879936083,98.21428571428571,0.0007959536998847743
20,0.9852966120067451,0.0009850623664980113,0.0313857032181535,0.022148877382278442,-0.001204098973955427,0.9584569470337495,98.21428571428571,0.0007745963223324385
21,0.980846152374787,0.0009806129121520918,0.03131473953511496,0.022097294884068624,-0.001031331717967987,0.9586445939522087,98.21428571428571,0.0007525000000000001
22,0.9697775607928634,0.000969546789214729,0.03113754629405999,0.022060305944510868,-0.0012616759964397975,0.9591112857546295,98.21428571428571,0.0007297252973710758
23,0.9624674579660807,0.0009622386533251362,0.03101997184597588,0.022127764565604075,-0.002402233225958688,0.9594194919014395,99.10714285714286,0.0007063346383225213
24,0.9613104644896728,0.0009610817519056474,0.03100131855108178,0.0222338576401983,-0.0030541175178119113,0.9594682819258898,99.10714285714286,0.000682392135024924
25,0.9401131702054825,0.0009398893895908549,0.030657615523566977,0.02181712750877653,-0.0011559778026172093,0.9603620278043902,99.10714285714286,0.0006579634122155991
26,0.9213696453454239,0.0009211505795741561,0.03035046259242445,0.021592025245938982,0.0005142284291131156,0.9611522999775276,99.10714285714286,0.0006331154273257479
27,0.9163476388369288,0.0009161299740555304,0.03026763905651596,0.021561941930225918,0.0010913972343717302,0.9613640340647046,99.10714285714286,0.0006079162869547909
28,0.9122027257856514,0.0009119860830471639,0.030199107322024667,0.021693964089666094,-0.0016153880528041295,0.9615387944550127,99.10714285714286,0.0005824350601949144
29,0.8981978055089712,0.0008979845776513022,0.029966390801217657,0.021509464297975813,0.0004017778805324009,0.96212928019485,99.10714285714286,0.0005567415893174886
30,0.8893127698185188,0.0008891013533148648,0.029817802623849813,0.02137217777115958,0.00042019358703068325,0.9625039125751649,99.10714285714286,0.0005309062983402573
31,0.8760285231151751,0.0008758205976888382,0.029594266297525238,0.021378077566623688,-7.446642432894026e-05,0.9630640021219468,99.10714285714286,0.0005050000000000002
32,0.8699485772688474,0.000869742187199358,0.029491391747412634,0.02155966418130057,-0.0023445593459265573,0.9633203470372569,99.10714285714286,0.00047909370165974305
33,0.8641357801056334,0.0008639305126823617,0.02939269488635504,0.02141141359295164,-0.001642975424017225,0.9635654428915839,99.10714285714286,0.00045325841068251176
34,0.854768058152071,0.0008545648190685691,0.029232940650378795,0.02132572446550642,-0.00017983147076198032,0.963960422457443,99.10714285714286,0.0004275649398050859
35,0.8597472518948572,0.0008595430558186377,0.02931796472844999,0.02162192336150578,-0.0037011291299547467,0.9637504751891072,99.10714285714286,0.00040208371304520927
36,0.845818000712565,0.0008456170229458644,0.02907949488807989,0.02130426572901862,0.0017786292093140738,0.9643377780248658,99.10714285714286,0.00037688457267425244
37,0.8339187299300518,0.0008337206592993038,0.02887422136264983,0.021278014140469686,-0.002127765544823238,0.9648394835837044,99.10714285714286,0.0003520365877844012
38,0.8188940047153405,0.0008186995381485675,0.028612926067575952,0.0211435290319579,1.5202377523694719e-05,0.9654729695971799,99.10714285714286,0.0003276078649750765
39,0.8188731707632542,0.0008186783810573774,0.028612556353065997,0.021191243614469255,-0.002880803176334926,0.9654738618555686,99.10714285714286,0.0003036653616774791
40,0.8017325755208731,0.0008015421664866145,0.028311520031369112,0.020963187728609358,-0.0010532481329781668,0.9661965477420319,99.10714285714286,0.00028027470262892445
41,0.7892910566713128,0.0007891035902537322,0.028090987705200614,0.02081208037478583,0.0005831239478928703,0.9667211200420625,99.10714285714286,0.0002575000000000002
42,0.7824966564242329,0.0007823105535694605,0.02796981504353328,0.020755351654120853,-0.0018747331840651377,0.967007602900787,99.10714285714286,0.0002354036776675618
43,0.7679121837552104,0.000767729669256185,0.02770793513158613,0.02054651826620102,0.00031376204320362637,0.9676225227981684,99.10714285714286,0.0002140463001152259
44,0.7606784006846803,0.0007604976030654496,0.027577121007557145,0.020503010068620955,-0.0014985352754592896,0.9679275208561952,99.10714285714286,0.0001934864064303306
45,0.7580174489745072,0.0007578371659149953,0.027528842436887812,0.020513612244810377,-0.002523604248251234,0.9680397195201718,99.10714285714286,0.00017378034985236537
46,0.7579398468535926,0.0007577601045323235,0.02752744275322943,0.020595578210694448,-0.0037452408245631625,0.9680429694312543,99.10714285714286,0.00015498214331265904
47,0.7370789780148438,0.0007369038560174346,0.02714597310868473,0.02017700033528464,0.0015182367392948695,0.9689225403764034,99.10714285714286,0.00013714331138868998
48,0.7265525885990688,0.0007263799734440468,0.02695143731684911,0.020070602851254598,-0.0004630120737212045,0.9693663642661648,99.10714285714286,0.00012031274907879943
49,0.7205092962831259,0.0007203383577787699,0.026839119914385604,0.019962977085794722,0.00035697647503444126,0.9696211574326895,99.10714285714286,0.00010453658778440108
50,0.7148779210235391,0.000714708446096779,0.02673403160948193,0.019915459411484853,0.0009378067084721156,0.9698585877996944,99.10714285714286,8.985806886701516e-05
51,0.7102600389293262,0.0007100915326626124,0.02664754271340253,0.019814823354993547,0.0009244871991021293,0.9700532969733054,99.10714285714286,7.631742512670285e-05
52,0.7064330615103245,0.0007062652996167833,0.026575652383653413,0.019729108682700565,-0.000428520143032074,0.9702146607686245,99.10714285714286,6.395177052675796e-05
53,0.702615758803274,0.0007024489384705694,0.026503753290252487,0.019706685628209795,-0.00010426768234797887,0.9703756082361429,99.10714285714286,5.2794998466912526e-05
54,0.701248514865126,0.0007010819503826379,0.026477952156136204,0.01967658954007285,-0.0010400052581514632,0.9704332582494543,99.10714285714286,4.287768888388514e-05
55,0.6991864256560802,0.000699020832697604,0.0264390021123643,0.019695287304265157,0.0007975239838872637,0.9705201818027958,99.10714285714286,3.4227024433899005e-05
56,0.6966349269662585,0.0006964693920215989,0.026390706546464398,0.019625564771039144,8.87374792780195e-05,0.9706277837564877,99.10714285714286,2.6866715986911188e-05
57,0.6956670696714095,0.0006955017644752561,0.026372367441609333,0.019586698285170963,-0.0005297777908188957,0.9706685915304688,99.10714285714286,2.0816937636766188e-05
58,0.694397408648261,0.0006942326633794238,0.026348295265148064,0.019596448966435025,4.260241985321045e-05,0.9707221133538951,99.10714285714286,1.6094271405406862e-05
59,0.6937102962817464,0.0006935453908274118,0.026335249967057685,0.019571031842912947,-0.0002513591732297625,0.9707510977116389,99.10714285714286,1.2711661792704668e-05
60,0.6930808629840612,0.0006929159744800525,0.026323297181015386,0.019578005586351668,0.00014206979955945696,0.9707776420986193,99.10714285714286,1.0678380296485954e-05
