source_id,subject_id,run_index,run_uid,hdf5_path,metadata_sample_rate,effective_sample_rate,raw_num_samples,no_step_start,no_step_end,data_start,data_end,skip_run,excluded,direction,split,no_walking_windows,walking_windows
test_2,001,0,test_2:001:000,/home/coder/workspace/Federated-learning-floor-vibration-classification-and-regression-analysis/TestData/Test_2/data/walking_hallway_single_person_APDM_001.hdf5,1652.0,1706.667,49560,1.0,8.0,15.0,0.0,False,False,single_direction_unknown,train,3,10
test_2,001,1,test_2:001:001,/home/coder/workspace/Federated-learning-floor-vibration-classification-and-regression-analysis/TestData/Test_2/data/walking_hallway_single_person_APDM_001.hdf5,1652.0,1706.667,49560,1.0,8.0,14.5,0.0,False,False,single_direction_unknown,train,3,10
test_2,001,2,test_2:001:002,/home/coder/workspace/Federated-learning-floor-vibration-classification-and-regression-analysis/TestData/Test_2/data/walking_hallway_single_person_APDM_001.hdf5,1652.0,1706.667,49560,1.0,8.0,15.0,0.0,False,False,single_direction_unknown,train,3,10
test_2,001,3,test_2:001:003,/home/coder/workspace/Federated-learning-floor-vibration-classification-and-regression-analysis/TestData/Test_2/data/walking_hallway_single_person_APDM_001.hdf5,1652.0,1706.667,49560,1.0,8.0,10.5,24.0,False,False,single_direction_unknown,train,3,9
test_2,001,4,test_2:001:004,/home/coder/workspace/Federated-learning-floor-vibration-classification-and-regression-analysis/TestData/Test_2/data/walking_hallway_single_person_APDM_001.hdf5,1652.0,1706.667,49560,1.0,8.0,14.5,24.5,False,False,single_direction_unknown,test,3,6
test_2,001,5,test_2:001:005,/home/coder/workspace/Federated-learning-floor-vibration-classification-and-regression-analysis/TestData/Test_2/data/walking_hallway_single_person_APDM_001.hdf5,1652.0,1706.667,49560,1.0,8.0,14.0,24.0,False,False,single_direction_unknown,train,3,6
test_2,001,6,test_2:001:006,/home/coder/workspace/Federated-learning-floor-vibration-classification-and-regression-analysis/TestData/Test_2/data/walking_hallway_single_person_APDM_001.hdf5,1652.0,1706.667,49560,1.0,8.0,9.5,23.0,False,False,single_direction_unknown,train,3,9
test_2,001,7,test_2:001:007,/home/coder/workspace/Federated-learning-floor-vibration-classification-and-regression-analysis/TestData/Test_2/data/walking_hallway_single_person_APDM_001.hdf5,1652.0,1706.667,49560,1.0,8.0,10.5,24.0,False,False,single_direction_unknown,train,3,9
test_2,001,8,test_2:001:008,/home/coder/workspace/Federated-learning-floor-vibration-classification-and-regression-analysis/TestData/Test_2/data/walking_hallway_single_person_APDM_001.hdf5,1652.0,1706.667,49560,1.0,8.0,10.5,24.5,False,False,single_direction_unknown,train,3,10
test_2,001,9,test_2:001:009,/home/coder/workspace/Federated-learning-floor-vibration-classification-and-regression-analysis/TestData/Test_2/data/walking_hallway_single_person_APDM_001.hdf5,1652.0,1706.667,49560,1.0,8.0,16.25,0.0,False,False,single_direction_unknown,test,3,8
test_2,001,10,test_2:001:010,/home/coder/workspace/Federated-learning-floor-vibration-classification-and-regression-analysis/TestData/Test_2/data/walking_hallway_single_person_APDM_001.hdf5,1652.0,1706.667,49560,1.0,8.0,11.25,25.0,False,False,single_direction_unknown,train,3,9
test_2,001,11,test_2:001:011,/home/coder/workspace/Federated-learning-floor-vibration-classification-and-regression-analysis/TestData/Test_2/data/walking_hallway_single_person_APDM_001.hdf5,1652.0,1706.667,49560,1.0,8.0,10.25,24.0,False,False,single_direction_unknown,train,3,9
test_2,001,12,test_2:001:012,/home/coder/workspace/Federated-learning-floor-vibration-classification-and-regression-analysis/TestData/Test_2/data/walking_hallway_single_person_APDM_001.hdf5,1652.0,1706.667,49560,1.0,8.0,10.5,24.0,False,False,single_direction_unknown,train,3,9
test_2,001,13,test_2:001:013,/home/coder/workspace/Federated-learning-floor-vibration-classification-and-regression-analysis/TestData/Test_2/data/walking_hallway_single_person_APDM_001.hdf5,1652.0,1706.667,49560,1.0,8.0,10.5,24.0,False,False,single_direction_unknown,train,3,9
test_2,001,14,test_2:001:014,/home/coder/workspace/Federated-learning-floor-vibration-classification-and-regression-analysis/TestData/Test_2/data/walking_hallway_single_person_APDM_001.hdf5,1652.0,1706.667,49560,1.0,8.0,10.25,23.5,False,False,single_direction_unknown,test,3,9
test_2,001,15,test_2:001:015,/home/coder/workspace/Federated-learning-floor-vibration-classification-and-regression-analysis/TestData/Test_2/data/walking_hallway_single_person_APDM_001.hdf5,1652.0,1706.667,49560,1.0,8.0,10.5,24.5,False,False,single_direction_unknown,train,3,10
test_2,001,16,test_2:001:016,/home/coder/workspace/Federated-learning-floor-vibration-classification-and-regression-analysis/TestData/Test_2/data/walking_hallway_single_person_APDM_001.hdf5,1652.0,1706.667,49560,1.0,8.0,10.5,24.0,False,False,single_direction_unknown,train,3,9
test_2,001,17,test_2:001:017,/home/coder/workspace/Federated-learning-floor-vibration-classification-and-regression-analysis/TestData/Test_2/data/walking_hallway_single_person_APDM_001.hdf5,1652.0,1706.667,49560,1.0,8.0,11.0,25.0,False,False,single_direction_unknown,train,3,10
test_2,001,18,test_2:001:018,/home/coder/workspace/Federated-learning-floor-vibration-classification-and-regression-analysis/TestData/Test_2/data/walking_hallway_single_person_APDM_001.hdf5,1652.0,1706.667,49560,1.0,8.0,10.5,24.0,False,False,single_direction_unknown,train,3,9
test_2,001,19,test_2:001:019,/home/coder/workspace/Federated-learning-floor-vibration-classification-and-regression-analysis/TestData/Test_2/data/walking_hallway_single_person_APDM_001.hdf5,1652.0,1706.667,49560,1.0,8.0,9.5,23.0,False,False,single_direction_unknown,train,3,9
test_2,001,20,test_2:001:020,/home/coder/workspace/Federated-learning-floor-vibration-classification-and-regression-analysis/TestData/Test_2/data/walking_hallway_single_person_APDM_001.hdf5,1652.0,1706.667,49560,1.0,8.0,10.5,24.0,False,False,single_direction_unknown,test,3,9
test_2,002,0,test_2:002:000,/home/coder/workspace/Federated-learning-floor-vibration-classification-and-regression-analysis/TestData/Test_2/data/walking_hallway_single_person_APDM_002.hdf5,1652.0,1706.667,49560,1.0,8.0,8.5,21.0,False,False,single_direction_unknown,train,3,8
test_2,002,1,test_2:002:001,/home/coder/workspace/Federated-learning-floor-vibration-classification-and-regression-analysis/TestData/Test_2/data/walking_hallway_single_person_APDM_002.hdf5,1652.0,1706.667,49560,1.0,8.0,10.5,24.0,False,False,single_direction_unknown,train,3,9
test_2,002,2,test_2:002:002,/home/coder/workspace/Federated-learning-floor-vibration-classification-and-regression-analysis/TestData/Test_2/data/walking_hallway_single_person_APDM_002.hdf5,1652.0,1706.667,49560,1.0,8.0,9.5,22.0,False,False,single_direction_unknown,train,3,8
test_2,002,3,test_2:002:003,/home/coder/workspace/Federated-learning-floor-vibration-classification-and-regression-analysis/TestData/Test_2/data/walking_hallway_single_person_APDM_002.hdf5,1652.0,1706.667,49560,1.0,8.0,8.0,20.0,False,False,single_direction_unknown,train,3,8
test_2,002,4,test_2:002:004,/home/coder/workspace/Federated-learning-floor-vibration-classification-and-regression-analysis/TestData/Test_2/data/walking_hallway_single_person_APDM_002.hdf5,1652.0,1706.667,49560,1.0,8.0,16.0,0.0,False,False,single_direction_unknown,train,3,9
test_2,002,5,test_2:002:005,/home/coder/workspace/Federated-learning-floor-vibration-classification-and-regression-analysis/TestData/Test_2/data/walking_hallway_single_person_APDM_002.hdf5,1652.0,1706.667,49560,1.0,8.0,10.0,23.0,False,False,single_direction_unknown,train,3,9
test_2,002,6,test_2:002:006,/home/coder/workspace/Federated-learning-floor-vibration-classification-and-regression-analysis/TestData/Test_2/data/walking_hallway_single_person_APDM_002.hdf5,1652.0,1706.667,49560,1.0,8.0,10.0,23.0,False,False,single_direction_unknown,test,3,9
test_2,002,7,test_2:002:007,/home/coder/workspace/Federated-learning-floor-vibration-classification-and-regression-analysis/TestData/Test_2/data/walking_hallway_single_person_APDM_002.hdf5,1652.0,1706.667,49560,1.0,8.0,9.0,21.0,False,False,single_direction_unknown,train,3,8
test_2,002,8,test_2:002:008,/home/coder/workspace/Federated-learning-floor-vibration-classification-and-regression-analysis/TestData/Test_2/data/walking_hallway_single_person_APDM_002.hdf5,1652.0,1706.667,49560,1.0,8.0,9.25,22.0,False,False,single_direction_unknown,train,3,8
test_2,002,9,test_2:002:009,/home/coder/workspace/Federated-learning-floor-vibration-classification-and-regression-analysis/TestData/Test_2/data/walking_hallway_single_person_APDM_002.hdf5,1652.0,1706.667,49560,1.0,8.0,8.5,21.25,False,False,single_direction_unknown,train,3,8
test_2,002,10,test_2:002:010,/home/coder/workspace/Federated-learning-floor-vibration-classification-and-regression-analysis/TestData/Test_2/data/walking_hallway_single_person_APDM_002.hdf5,1652.0,1706.667,49560,1.0,8.0,9.5,22.0,False,False,single_direction_unknown,train,3,8
test_2,002,11,test_2:002:011,/home/coder/workspace/Federated-learning-floor-vibration-classification-and-regression-analysis/TestData/Test_2/data/walking_hallway_single_person_APDM_002.hdf5,1652.0,1706.667,49560,1.0,8.0,10.0,22.75,False,False,single_direction_unknown,train,3,8
test_2,002,12,test_2:002:012,/home/coder/workspace/Federated-learning-floor-vibration-classification-and-regression-analysis/TestData/Test_2/data/walking_hallway_single_person_APDM_002.hdf5,1652.0,1706.667,49560,1.0,8.0,9.5,22.0,False,False,single_direction_unknown,test,3,8
test_2,002,13,test_2:002:013,/home/coder/workspace/Federated-learning-floor-vibration-classification-and-regression-analysis/TestData/Test_2/data/walking_hallway_single_person_APDM_002.hdf5,1652.0,1706.667,49560,1.0,8.0,9.5,21.5,False,False,single_direction_unknown,train,3,8
test_2,002,14,test_2:002:014,/home/coder/workspace/Federated-learning-floor-vibration-classification-and-regression-analysis/TestData/Test_2/data/walking_hallway_single_person_APDM_002.hdf5,1652.0,1706.667,49560,1.0,8.0,10.0,23.0,False,False,single_direction_unknown,train,3,9
test_2,002,15,test_2:002:015,/home/coder/workspace/Federated-learning-floor-vibration-classification-and-regression-analysis/TestData/Test_2/data/walking_hallway_single_person_APDM_002.hdf5,1652.0,1706.667,49560,1.0,8.0,10.25,23.0,False,False,single_direction_unknown,test,3,8
test_2,002,16,test_2:002:016,/home/coder/workspace/Federated-learning-floor-vibration-classification-and-regression-analysis/TestData/Test_2/data/walking_hallway_single_person_APDM_002.hdf5,1652.0,1706.667,49560,1.0,8.0,9.0,23.0,False,False,single_direction_unknown,test,3,10
test_2,002,17,test_2:002:017,/home/coder/workspace/Federated-learning-floor-vibration-classification-and-regression-analysis/TestData/Test_2/data/walking_hallway_single_person_APDM_002.hdf5,1652.0,1706.667,49560,1.0,8.0,10.0,23.25,False,False,single_direction_unknown,train,3,9
test_2,002,18,test_2:002:018,/home/coder/workspace/Federated-learning-floor-vibration-classification-and-regression-analysis/TestData/Test_2/data/walking_hallway_single_person_APDM_002.hdf5,1652.0,1706.667,49560,1.0,8.0,11.0,23.0,False,False,single_direction_unknown,train,3,8
test_2,002,19,test_2:002:019,/home/coder/workspace/Federated-learning-floor-vibration-classification-and-regression-analysis/TestData/Test_2/data/walking_hallway_single_person_APDM_002.hdf5,1652.0,1706.667,49560,1.0,8.0,10.75,23.0,False,False,single_direction_unknown,train,3,8
test_2,002,20,test_2:002:020,/home/coder/workspace/Federated-learning-floor-vibration-classification-and-regression-analysis/TestData/Test_2/data/walking_hallway_single_person_APDM_002.hdf5,1652.0,1706.667,49560,1.0,8.0,10.0,23.0,False,False,single_direction_unknown,train,3,9
test_2,002,21,test_2:002:021,/home/coder/workspace/Federated-learning-floor-vibration-classification-and-regression-analysis/TestData/Test_2/data/walking_hallway_single_person_APDM_002.hdf5,1652.0,1706.667,49560,1.0,8.0,9.5,22.5,False,False,single_direction_unknown,train,3,9
test_2,002,22,test_2:002:022,/home/coder/workspace/Federated-learning-floor-vibration-classification-and-regression-analysis/TestData/Test_2/data/walking_hallway_single_person_APDM_002.hdf5,1652.0,1706.667,49560,1.0,8.0,10.5,23.25,False,False,single_direction_unknown,test,3,8
test_2,003,0,test_2:003:000,/home/coder/workspace/Federated-learning-floor-vibration-classification-and-regression-analysis/TestData/Test_2/data/walking_hallway_single_person_APDM_003.hdf5,1652.0,1706.667,49560,1.0,8.0,10.0,22.0,False,False,single_direction_unknown,train,3,8
test_2,003,1,test_2:003:001,/home/coder/workspace/Federated-learning-floor-vibration-classification-and-regression-analysis/TestData/Test_2/data/walking_hallway_single_person_APDM_003.hdf5,1652.0,1706.667,49560,0.25,7.25,7.25,18.75,False,False,single_direction_unknown,train,3,7
test_2,003,2,test_2:003:002,/home/coder/workspace/Federated-learning-floor-vibration-classification-and-regression-analysis/TestData/Test_2/data/walking_hallway_single_person_APDM_003.hdf5,1652.0,1706.667,49560,0.25,7.25,7.25,20.5,False,False,single_direction_unknown,train,3,9
test_2,003,3,test_2:003:003,/home/coder/workspace/Federated-learning-floor-vibration-classification-and-regression-analysis/TestData/Test_2/data/walking_hallway_single_person_APDM_003.hdf5,1652.0,1706.667,49560,1.0,8.0,9.0,20.25,False,False,single_direction_unknown,train,3,7
test_2,003,4,test_2:003:004,/home/coder/workspace/Federated-learning-floor-vibration-classification-and-regression-analysis/TestData/Test_2/data/walking_hallway_single_person_APDM_003.hdf5,1652.0,1706.667,49560,1.0,8.0,9.0,20.0,False,False,single_direction_unknown,train,3,7
test_2,003,5,test_2:003:005,/home/coder/workspace/Federated-learning-floor-vibration-classification-and-regression-analysis/TestData/Test_2/data/walking_hallway_single_person_APDM_003.hdf5,1652.0,1706.667,49560,1.0,8.0,9.0,20.0,False,False,single_direction_unknown,train,3,7
test_2,003,6,test_2:003:006,/home/coder/workspace/Federated-learning-floor-vibration-classification-and-regression-analysis/TestData/Test_2/data/walking_hallway_single_person_APDM_003.hdf5,1652.0,1706.667,49560,1.0,8.0,9.25,21.0,False,False,single_direction_unknown,test,3,7
test_2,003,7,test_2:003:007,/home/coder/workspace/Federated-learning-floor-vibration-classification-and-regression-analysis/TestData/Test_2/data/walking_hallway_single_person_APDM_003.hdf5,1652.0,1706.667,49560,1.0,8.0,10.0,21.25,False,False,single_direction_unknown,train,3,7
test_2,003,8,test_2:003:008,/home/coder/workspace/Federated-learning-floor-vibration-classification-and-regression-analysis/TestData/Test_2/data/walking_hallway_single_person_APDM_003.hdf5,1652.0,1706.667,49560,1.0,8.0,9.5,21.75,False,False,single_direction_unknown,train,3,8
test_2,003,9,test_2:003:009,/home/coder/workspace/Federated-learning-floor-vibration-classification-and-regression-analysis/TestData/Test_2/data/walking_hallway_single_person_APDM_003.hdf5,1652.0,1706.667,49560,1.0,8.0,10.0,21.25,False,False,single_direction_unknown,train,3,7
test_2,003,10,test_2:003:010,/home/coder/workspace/Federated-learning-floor-vibration-classification-and-regression-analysis/TestData/Test_2/data/walking_hallway_single_person_APDM_003.hdf5,1652.0,1706.667,49560,1.0,8.0,10.0,21.25,False,False,single_direction_unknown,train,3,7
test_2,003,11,test_2:003:011,/home/coder/workspace/Federated-learning-floor-vibration-classification-and-regression-analysis/TestData/Test_2/data/walking_hallway_single_person_APDM_003.hdf5,1652.0,1706.667,49560,1.0,8.0,9.5,20.5,False,False,single_direction_unknown,test,3,7
test_2,003,12,test_2:003:012,/home/coder/workspace/Federated-learning-floor-vibration-classification-and-regression-analysis/TestData/Test_2/data/walking_hallway_single_person_APDM_003.hdf5,1652.0,1706.667,49560,1.0,8.0,9.75,22.0,False,False,single_direction_unknown,train,3,8
test_2,003,13,test_2:003:013,/home/coder/workspace/Federated-learning-floor-vibration-classification-and-regression-analysis/TestData/Test_2/data/walking_hallway_single_person_APDM_003.hdf5,1652.0,1706.667,49560,1.0,8.0,9.75,21.75,False,False,single_direction_unknown,test,3,8
test_2,003,14,test_2:003:014,/home/coder/workspace/Federated-learning-floor-vibration-classification-and-regression-analysis/TestData/Test_2/data/walking_hallway_single_person_APDM_003.hdf5,1652.0,1706.667,49560,1.0,8.0,8.0,21.0,False,False,single_direction_unknown,train,3,9
test_2,003,15,test_2:003:015,/home/coder/workspace/Federated-learning-floor-vibration-classification-and-regression-analysis/TestData/Test_2/data/walking_hallway_single_person_APDM_003.hdf5,1652.0,1706.667,49560,1.0,8.0,9.1,20.5,False,False,single_direction_unknown,train,3,7
test_2,003,16,test_2:003:016,/home/coder/workspace/Federated-learning-floor-vibration-classification-and-regression-analysis/TestData/Test_2/data/walking_hallway_single_person_APDM_003.hdf5,1652.0,1706.667,49560,1.0,8.0,9.3,20.25,False,False,single_direction_unknown,train,3,6
test_2,003,17,test_2:003:017,/home/coder/workspace/Federated-learning-floor-vibration-classification-and-regression-analysis/TestData/Test_2/data/walking_hallway_single_person_APDM_003.hdf5,1652.0,1706.667,49560,1.0,8.0,9.0,19.75,False,False,single_direction_unknown,train,3,6
test_2,003,18,test_2:003:018,/home/coder/workspace/Federated-learning-floor-vibration-classification-and-regression-analysis/TestData/Test_2/data/walking_hallway_single_person_APDM_003.hdf5,1652.0,1706.667,49560,1.0,8.0,9.5,20.25,False,False,single_direction_unknown,test,3,6
test_2,003,19,test_2:003:019,/home/coder/workspace/Federated-learning-floor-vibration-classification-and-regression-analysis/TestData/Test_2/data/walking_hallway_single_person_APDM_003.hdf5,1652.0,1706.667,49560,1.0,8.0,8.25,20.0,False,False,single_direction_unknown,train,3,7
test_2,003,20,test_2:003:020,/home/coder/workspace/Federated-learning-floor-vibration-classification-and-regression-analysis/TestData/Test_2/data/walking_hallway_single_person_APDM_003.hdf5,1652.0,1706.667,49560,1.0,8.0,9.5,21.0,False,False,single_direction_unknown,train,3,7
testing_20251124,003,0,testing_20251124:003:000,/home/coder/workspace/Federated-learning-floor-vibration-classification-and-regression-analysis/TestData/20251124_Testing/vib/Data/TestSetup_003.hdf5,1651.6129032258063,1651.6129032258063,49548,1.0,7.0,16.0,30.0,False,False,N_to_S,test,2,10
testing_20251124,003,1,testing_20251124:003:001,/home/coder/workspace/Federated-learning-floor-vibration-classification-and-regression-analysis/TestData/20251124_Testing/vib/Data/TestSetup_003.hdf5,1651.6129032258063,1651.6129032258063,49548,1.0,7.0,16.0,30.0,False,False,S_to_N,train,2,10
testing_20251124,003,2,testing_20251124:003:002,/home/coder/workspace/Federated-learning-floor-vibration-classification-and-regression-analysis/TestData/20251124_Testing/vib/Data/TestSetup_003.hdf5,1651.6129032258063,1651.6129032258063,49548,1.0,7.0,16.0,30.0,False,False,N_to_S,train,2,10
testing_20251124,003,3,testing_20251124:003:003,/home/coder/workspace/Federated-learning-floor-vibration-classification-and-regression-analysis/TestData/20251124_Testing/vib/Data/TestSetup_003.hdf5,1651.6129032258063,1651.6129032258063,49548,1.0,7.0,15.0,0.0,False,False,S_to_N,train,2,11
testing_20251124,003,4,testing_20251124:003:004,/home/coder/workspace/Federated-learning-floor-vibration-classification-and-regression-analysis/TestData/20251124_Testing/vib/Data/TestSetup_003.hdf5,1651.6129032258063,1651.6129032258063,49548,1.0,7.0,16.0,0.0,False,False,N_to_S,train,2,10
testing_20251124,003,5,testing_20251124:003:005,/home/coder/workspace/Federated-learning-floor-vibration-classification-and-regression-analysis/TestData/20251124_Testing/vib/Data/TestSetup_003.hdf5,1651.6129032258063,1651.6129032258063,49548,1.0,7.0,16.0,30.0,False,False,S_to_N,test,2,10
testing_20251124,003,6,testing_20251124:003:006,/home/coder/workspace/Federated-learning-floor-vibration-classification-and-regression-analysis/TestData/20251124_Testing/vib/Data/TestSetup_003.hdf5,1651.6129032258063,1651.6129032258063,49548,1.0,7.0,17.0,30.0,False,False,N_to_S,train,2,9
testing_20251124,003,7,testing_20251124:003:007,/home/coder/workspace/Federated-learning-floor-vibration-classification-and-regression-analysis/TestData/20251124_Testing/vib/Data/TestSetup_003.hdf5,1651.6129032258063,1651.6129032258063,49548,1.0,7.0,17.0,30.0,False,False,S_to_N,train,2,9
testing_20251124,003,8,testing_20251124:003:008,/home/coder/workspace/Federated-learning-floor-vibration-classification-and-regression-analysis/TestData/20251124_Testing/vib/Data/TestSetup_003.hdf5,1651.6129032258063,1651.6129032258063,49548,1.0,7.0,17.0,30.0,False,False,N_to_S,train,2,9
testing_20251124,003,9,testing_20251124:003:009,/home/coder/workspace/Federated-learning-floor-vibration-classification-and-regression-analysis/TestData/20251124_Testing/vib/Data/TestSetup_003.hdf5,1651.6129032258063,1651.6129032258063,49548,1.0,7.0,16.0,30.0,False,False,S_to_N,train,2,10
testing_20251124,003,10,testing_20251124:003:010,/home/coder/workspace/Federated-learning-floor-vibration-classification-and-regression-analysis/TestData/20251124_Testing/vib/Data/TestSetup_003.hdf5,1651.6129032258063,1651.6129032258063,49548,1.0,7.0,17.0,30.0,False,False,N_to_S,train,2,9
testing_20251124,003,11,testing_20251124:003:011,/home/coder/workspace/Federated-learning-floor-vibration-classification-and-regression-analysis/TestData/20251124_Testing/vib/Data/TestSetup_003.hdf5,1651.6129032258063,1651.6129032258063,49548,1.0,7.0,17.0,30.0,False,False,S_to_N,train,2,9
testing_20251124,003,12,testing_20251124:003:012,/home/coder/workspace/Federated-learning-floor-vibration-classification-and-regression-analysis/TestData/20251124_Testing/vib/Data/TestSetup_003.hdf5,1651.6129032258063,1651.6129032258063,49548,1.0,7.0,18.0,30.0,False,False,N_to_S,test,2,8
testing_20251124,003,13,testing_20251124:003:013,/home/coder/workspace/Federated-learning-floor-vibration-classification-and-regression-analysis/TestData/20251124_Testing/vib/Data/TestSetup_003.hdf5,1651.6129032258063,1651.6129032258063,49548,1.0,7.0,17.0,30.0,False,False,S_to_N,train,2,9
testing_20251124,003,14,testing_20251124:003:014,/home/coder/workspace/Federated-learning-floor-vibration-classification-and-regression-analysis/TestData/20251124_Testing/vib/Data/TestSetup_003.hdf5,1651.6129032258063,1651.6129032258063,49548,1.0,7.0,17.0,30.0,False,False,N_to_S,train,2,9
testing_20251124,004,0,testing_20251124:004:000,/home/coder/workspace/Federated-learning-floor-vibration-classification-and-regression-analysis/TestData/20251124_Testing/vib/Data/TestSetup_004.hdf5,1651.6129032258063,1651.6129032258063,49548,1.0,7.0,17.0,30.0,False,False,N_to_S,train,2,9
testing_20251124,004,1,testing_20251124:004:001,/home/coder/workspace/Federated-learning-floor-vibration-classification-and-regression-analysis/TestData/20251124_Testing/vib/Data/TestSetup_004.hdf5,1651.6129032258063,1651.6129032258063,49548,1.0,7.0,18.0,30.0,False,False,S_to_N,train,2,8
testing_20251124,004,2,testing_20251124:004:002,/home/coder/workspace/Federated-learning-floor-vibration-classification-and-regression-analysis/TestData/20251124_Testing/vib/Data/TestSetup_004.hdf5,1651.6129032258063,1651.6129032258063,49548,1.0,7.0,18.0,30.0,False,False,N_to_S,train,2,8
testing_20251124,004,3,testing_20251124:004:003,/home/coder/workspace/Federated-learning-floor-vibration-classification-and-regression-analysis/TestData/20251124_Testing/vib/Data/TestSetup_004.hdf5,1651.6129032258063,1651.6129032258063,49548,1.0,7.0,18.0,30.0,False,False,S_to_N,test,2,8
testing_20251124,004,4,testing_20251124:004:004,/home/coder/workspace/Federated-learning-floor-vibration-classification-and-regression-analysis/TestData/20251124_Testing/vib/Data/TestSetup_004.hdf5,1651.6129032258063,1651.6129032258063,49548,1.0,7.0,18.0,30.0,False,False,N_to_S,train,2,8
testing_20251124,004,5,testing_20251124:004:005,/home/coder/workspace/Federated-learning-floor-vibration-classification-and-regression-analysis/TestData/20251124_Testing/vib/Data/TestSetup_004.hdf5,1651.6129032258063,1651.6129032258063,49548,1.0,7.0,17.0,30.0,False,False,S_to_N,train,2,9
testing_20251124,004,6,testing_20251124:004:006,/home/coder/workspace/Federated-learning-floor-vibration-classification-and-regression-analysis/TestData/20251124_Testing/vib/Data/TestSetup_004.hdf5,1651.6129032258063,1651.6129032258063,49548,1.0,7.0,17.0,30.0,False,False,N_to_S,test,2,9
testing_20251124,004,7,testing_20251124:004:007,/home/coder/workspace/Federated-learning-floor-vibration-classification-and-regression-analysis/TestData/20251124_Testing/vib/Data/TestSetup_004.hdf5,1651.6129032258063,1651.6129032258063,49548,1.0,7.0,17.0,30.0,False,False,S_to_N,train,2,9
testing_20251124,004,8,testing_20251124:004:008,/home/coder/workspace/Federated-learning-floor-vibration-classification-and-regression-analysis/TestData/20251124_Testing/vib/Data/TestSetup_004.hdf5,1651.6129032258063,1651.6129032258063,49548,1.0,7.0,18.0,30.0,False,False,N_to_S,train,2,8
testing_20251124,004,9,testing_20251124:004:009,/home/coder/workspace/Federated-learning-floor-vibration-classification-and-regression-analysis/TestData/20251124_Testing/vib/Data/TestSetup_004.hdf5,1651.6129032258063,1651.6129032258063,49548,1.0,7.0,17.0,30.0,False,False,S_to_N,train,2,9
testing_20251124,004,10,testing_20251124:004:010,/home/coder/workspace/Federated-learning-floor-vibration-classification-and-regression-analysis/TestData/20251124_Testing/vib/Data/TestSetup_004.hdf5,1651.6129032258063,1651.6129032258063,49548,1.0,7.0,18.0,30.0,False,False,N_to_S,train,2,8
testing_20251124,004,11,testing_20251124:004:011,/home/coder/workspace/Federated-learning-floor-vibration-classification-and-regression-analysis/TestData/20251124_Testing/vib/Data/TestSetup_004.hdf5,1651.6129032258063,1651.6129032258063,49548,1.0,7.0,17.0,30.0,False,False,S_to_N,train,2,9
testing_20251124,004,12,testing_20251124:004:012,/home/coder/workspace/Federated-learning-floor-vibration-classification-and-regression-analysis/TestData/20251124_Testing/vib/Data/TestSetup_004.hdf5,1651.6129032258063,1651.6129032258063,49548,1.0,7.0,18.0,30.0,False,False,N_to_S,train,2,8
testing_20251124,004,13,testing_20251124:004:013,/home/coder/workspace/Federated-learning-floor-vibration-classification-and-regression-analysis/TestData/20251124_Testing/vib/Data/TestSetup_004.hdf5,1651.6129032258063,1651.6129032258063,49548,1.0,7.0,17.0,30.0,False,False,S_to_N,train,2,9
testing_20251124,004,14,testing_20251124:004:014,/home/coder/workspace/Federated-learning-floor-vibration-classification-and-regression-analysis/TestData/20251124_Testing/vib/Data/TestSetup_004.hdf5,1651.6129032258063,1651.6129032258063,49548,1.0,7.0,18.0,30.0,False,False,N_to_S,test,2,8
testing_20251124,005,0,testing_20251124:005:000,/home/coder/workspace/Federated-learning-floor-vibration-classification-and-regression-analysis/TestData/20251124_Testing/vib/Data/TestSetup_005.hdf5,1651.6129032258063,1651.6129032258063,49548,1.0,7.0,18.0,30.0,False,False,N_to_S,train,2,8
testing_20251124,005,1,testing_20251124:005:001,/home/coder/workspace/Federated-learning-floor-vibration-classification-and-regression-analysis/TestData/20251124_Testing/vib/Data/TestSetup_005.hdf5,1651.6129032258063,1651.6129032258063,49548,1.0,7.0,11.0,30.0,True,False,S_to_N,skipped,0,0
testing_20251124,005,2,testing_20251124:005:002,/home/coder/workspace/Federated-learning-floor-vibration-classification-and-regression-analysis/TestData/20251124_Testing/vib/Data/TestSetup_005.hdf5,1651.6129032258063,1651.6129032258063,49548,1.0,7.0,17.0,30.0,False,False,N_to_S,train,2,9
testing_20251124,005,3,testing_20251124:005:003,/home/coder/workspace/Federated-learning-floor-vibration-classification-and-regression-analysis/TestData/20251124_Testing/vib/Data/TestSetup_005.hdf5,1651.6129032258063,1651.6129032258063,49548,1.0,7.0,17.0,30.0,False,False,S_to_N,test,2,9
testing_20251124,005,4,testing_20251124:005:004,/home/coder/workspace/Federated-learning-floor-vibration-classification-and-regression-analysis/TestData/20251124_Testing/vib/Data/TestSetup_005.hdf5,1651.6129032258063,1651.6129032258063,49548,1.0,7.0,18.0,30.0,False,False,N_to_S,test,2,8
testing_20251124,005,5,testing_20251124:005:005,/home/coder/workspace/Federated-learning-floor-vibration-classification-and-regression-analysis/TestData/20251124_Testing/vib/Data/TestSetup_005.hdf5,1651.6129032258063,1651.6129032258063,49548,1.0,7.0,17.0,30.0,False,False,S_to_N,train,2,9
testing_20251124,005,6,testing_20251124:005:006,/home/coder/workspace/Federated-learning-floor-vibration-classification-and-regression-analysis/TestData/20251124_Testing/vib/Data/TestSetup_005.hdf5,1651.6129032258063,1651.6129032258063,49548,1.0,7.0,18.0,30.0,False,False,N_to_S,train,2,8
testing_20251124,005,7,testing_20251124:005:007,/home/coder/workspace/Federated-learning-floor-vibration-classification-and-regression-analysis/TestData/20251124_Testing/vib/Data/TestSetup_005.hdf5,1651.6129032258063,1651.6129032258063,49548,1.0,7.0,17.0,30.0,False,False,S_to_N,train,2,9
testing_20251124,005,8,testing_20251124:005:008,/home/coder/workspace/Federated-learning-floor-vibration-classification-and-regression-analysis/TestData/20251124_Testing/vib/Data/TestSetup_005.hdf5,1651.6129032258063,1651.6129032258063,49548,1.0,7.0,18.0,30.0,False,False,N_to_S,test,2,8
testing_20251124,005,9,testing_20251124:005:009,/home/coder/workspace/Federated-learning-floor-vibration-classification-and-regression-analysis/TestData/20251124_Testing/vib/Data/TestSetup_005.hdf5,1651.6129032258063,1651.6129032258063,49548,1.0,7.0,17.0,30.0,True,False,S_to_N,skipped,0,0
testing_20251124,005,10,testing_20251124:005:010,/home/coder/workspace/Federated-learning-floor-vibration-classification-and-regression-analysis/TestData/20251124_Testing/vib/Data/TestSetup_005.hdf5,1651.6129032258063,1651.6129032258063,49548,1.0,7.0,18.0,30.0,False,False,N_to_S,train,2,8
testing_20251124,005,11,testing_20251124:005:011,/home/coder/workspace/Federated-learning-floor-vibration-classification-and-regression-analysis/TestData/20251124_Testing/vib/Data/TestSetup_005.hdf5,1651.6129032258063,1651.6129032258063,49548,1.0,7.0,18.0,30.0,False,False,S_to_N,train,2,8
testing_20251124,005,12,testing_20251124:005:012,/home/coder/workspace/Federated-learning-floor-vibration-classification-and-regression-analysis/TestData/20251124_Testing/vib/Data/TestSetup_005.hdf5,1651.6129032258063,1651.6129032258063,49548,1.0,7.0,18.0,30.0,False,False,N_to_S,train,2,8
testing_20251124,005,13,testing_20251124:005:013,/home/coder/workspace/Federated-learning-floor-vibration-classification-and-regression-analysis/TestData/20251124_Testing/vib/Data/TestSetup_005.hdf5,1651.6129032258063,1651.6129032258063,49548,1.0,7.0,17.0,30.0,False,False,S_to_N,train,2,9
testing_20251124,005,14,testing_20251124:005:014,/home/coder/workspace/Federated-learning-floor-vibration-classification-and-regression-analysis/TestData/20251124_Testing/vib/Data/TestSetup_005.hdf5,1651.6129032258063,1651.6129032258063,49548,1.0,7.0,18.0,30.0,False,False,N_to_S,train,2,8
testing_20251124,005,15,testing_20251124:005:015,/home/coder/workspace/Federated-learning-floor-vibration-classification-and-regression-analysis/TestData/20251124_Testing/vib/Data/TestSetup_005.hdf5,1651.6129032258063,1651.6129032258063,49548,1.0,7.0,17.0,30.0,False,False,S_to_N,train,2,9
testing_20251124,005,16,testing_20251124:005:016,/home/coder/workspace/Federated-learning-floor-vibration-classification-and-regression-analysis/TestData/20251124_Testing/vib/Data/TestSetup_005.hdf5,1651.6129032258063,1651.6129032258063,49548,1.0,7.0,18.0,30.0,False,False,N_to_S,train,2,8
testing_20251124,005,17,testing_20251124:005:017,/home/coder/workspace/Federated-learning-floor-vibration-classification-and-regression-analysis/TestData/20251124_Testing/vib/Data/TestSetup_005.hdf5,1651.6129032258063,1651.6129032258063,49548,1.0,7.0,18.0,30.0,False,False,S_to_N,train,2,8
testing_20251124,006,0,testing_20251124:006:000,/home/coder/workspace/Federated-learning-floor-vibration-classification-and-regression-analysis/TestData/20251124_Testing/vib/Data/TestSetup_006.hdf5,1651.6129032258063,1651.6129032258063,49548,1.0,7.0,18.0,30.0,True,True,N_to_S,excluded,0,0
testing_20251124,006,1,testing_20251124:006:001,/home/coder/workspace/Federated-learning-floor-vibration-classification-and-regression-analysis/TestData/20251124_Testing/vib/Data/TestSetup_006.hdf5,1651.6129032258063,1651.6129032258063,49548,1.0,7.0,17.0,30.0,False,True,S_to_N,excluded,0,0
testing_20251124,006,2,testing_20251124:006:002,/home/coder/workspace/Federated-learning-floor-vibration-classification-and-regression-analysis/TestData/20251124_Testing/vib/Data/TestSetup_006.hdf5,1651.6129032258063,1651.6129032258063,49548,1.0,7.0,18.0,30.0,False,True,N_to_S,excluded,0,0
testing_20251124,006,3,testing_20251124:006:003,/home/coder/workspace/Federated-learning-floor-vibration-classification-and-regression-analysis/TestData/20251124_Testing/vib/Data/TestSetup_006.hdf5,1651.6129032258063,1651.6129032258063,49548,1.0,7.0,17.0,30.0,False,True,S_to_N,excluded,0,0
testing_20251124,006,4,testing_20251124:006:004,/home/coder/workspace/Federated-learning-floor-vibration-classification-and-regression-analysis/TestData/20251124_Testing/vib/Data/TestSetup_006.hdf5,1651.6129032258063,1651.6129032258063,49548,1.0,7.0,18.0,30.0,False,True,N_to_S,excluded,0,0
testing_20251124,006,5,testing_20251124:006:005,/home/coder/workspace/Federated-learning-floor-vibration-classification-and-regression-analysis/TestData/20251124_Testing/vib/Data/TestSetup_006.hdf5,1651.6129032258063,1651.6129032258063,49548,1.0,7.0,17.0,30.0,False,True,S_to_N,excluded,0,0
testing_20251124,006,6,testing_20251124:006:006,/home/coder/workspace/Federated-learning-floor-vibration-classification-and-regression-analysis/TestData/20251124_Testing/vib/Data/TestSetup_006.hdf5,1651.6129032258063,1651.6129032258063,49548,1.0,7.0,18.0,30.0,False,True,N_to_S,excluded,0,0
testing_20251124,006,7,testing_20251124:006:007,/home/coder/workspace/Federated-learning-floor-vibration-classification-and-regression-analysis/TestData/20251124_Testing/vib/Data/TestSetup_006.hdf5,1651.6129032258063,1651.6129032258063,49548,1.0,7.0,17.0,30.0,False,True,S_to_N,excluded,0,0
testing_20251124,006,8,testing_20251124:006:008,/home/coder/workspace/Federated-learning-floor-vibration-classification-and-regression-analysis/TestData/20251124_Testing/vib/Data/TestSetup_006.hdf5,1651.6129032258063,1651.6129032258063,49548,1.0,7.0,18.0,30.0,False,True,N_to_S,excluded,0,0
testing_20251124,006,9,testing_20251124:006:009,/home/coder/workspace/Federated-learning-floor-vibration-classification-and-regression-analysis/TestData/20251124_Testing/vib/Data/TestSetup_006.hdf5,1651.6129032258063,1651.6129032258063,49548,1.0,7.0,18.0,30.0,False,True,S_to_N,excluded,0,0
testing_20251124,006,10,testing_20251124:006:010,/home/coder/workspace/Federated-learning-floor-vibration-classification-and-regression-analysis/TestData/20251124_Testing/vib/Data/TestSetup_006.hdf5,1651.6129032258063,1651.6129032258063,49548,1.0,7.0,18.0,30.0,False,True,N_to_S,excluded,0,0
testing_20251124,006,11,testing_20251124:006:011,/home/coder/workspace/Federated-learning-floor-vibration-classification-and-regression-analysis/TestData/20251124_Testing/vib/Data/TestSetup_006.hdf5,1651.6129032258063,1651.6129032258063,49548,1.0,7.0,18.0,30.0,False,True,S_to_N,excluded,0,0
testing_20251124,006,12,testing_20251124:006:012,/home/coder/workspace/Federated-learning-floor-vibration-classification-and-regression-analysis/TestData/20251124_Testing/vib/Data/TestSetup_006.hdf5,1651.6129032258063,1651.6129032258063,49548,1.0,7.0,18.0,30.0,False,True,N_to_S,excluded,0,0
testing_20251124,006,13,testing_20251124:006:013,/home/coder/workspace/Federated-learning-floor-vibration-classification-and-regression-analysis/TestData/20251124_Testing/vib/Data/TestSetup_006.hdf5,1651.6129032258063,1651.6129032258063,49548,1.0,7.0,17.0,30.0,False,True,S_to_N,excluded,0,0
testing_20251124,006,14,testing_20251124:006:014,/home/coder/workspace/Federated-learning-floor-vibration-classification-and-regression-analysis/TestData/20251124_Testing/vib/Data/TestSetup_006.hdf5,1651.6129032258063,1651.6129032258063,49548,1.0,7.0,19.0,30.0,False,True,N_to_S,excluded,0,0
testing_20251124,007,0,testing_20251124:007:000,/home/coder/workspace/Federated-learning-floor-vibration-classification-and-regression-analysis/TestData/20251124_Testing/vib/Data/TestSetup_007.hdf5,1651.6129032258063,1651.6129032258063,49548,1.0,7.0,18.0,30.0,False,False,N_to_S,train,2,8
testing_20251124,007,1,testing_20251124:007:001,/home/coder/workspace/Federated-learning-floor-vibration-classification-and-regression-analysis/TestData/20251124_Testing/vib/Data/TestSetup_007.hdf5,1651.6129032258063,1651.6129032258063,49548,1.0,7.0,16.0,30.0,False,False,S_to_N,train,2,10
testing_20251124,007,2,testing_20251124:007:002,/home/coder/workspace/Federated-learning-floor-vibration-classification-and-regression-analysis/TestData/20251124_Testing/vib/Data/TestSetup_007.hdf5,1651.6129032258063,1651.6129032258063,49548,1.0,7.0,17.0,30.0,False,False,N_to_S,test,2,9
testing_20251124,007,3,testing_20251124:007:003,/home/coder/workspace/Federated-learning-floor-vibration-classification-and-regression-analysis/TestData/20251124_Testing/vib/Data/TestSetup_007.hdf5,1651.6129032258063,1651.6129032258063,49548,1.0,7.0,17.0,30.0,False,False,S_to_N,train,2,9
testing_20251124,007,4,testing_20251124:007:004,/home/coder/workspace/Federated-learning-floor-vibration-classification-and-regression-analysis/TestData/20251124_Testing/vib/Data/TestSetup_007.hdf5,1651.6129032258063,1651.6129032258063,49548,1.0,7.0,17.0,30.0,False,False,N_to_S,train,2,9
testing_20251124,007,5,testing_20251124:007:005,/home/coder/workspace/Federated-learning-floor-vibration-classification-and-regression-analysis/TestData/20251124_Testing/vib/Data/TestSetup_007.hdf5,1651.6129032258063,1651.6129032258063,49548,1.0,7.0,17.0,30.0,False,False,S_to_N,train,2,9
testing_20251124,007,6,testing_20251124:007:006,/home/coder/workspace/Federated-learning-floor-vibration-classification-and-regression-analysis/TestData/20251124_Testing/vib/Data/TestSetup_007.hdf5,1651.6129032258063,1651.6129032258063,49548,1.0,7.0,18.0,30.0,False,False,N_to_S,train,2,8
testing_20251124,007,7,testing_20251124:007:007,/home/coder/workspace/Federated-learning-floor-vibration-classification-and-regression-analysis/TestData/20251124_Testing/vib/Data/TestSetup_007.hdf5,1651.6129032258063,1651.6129032258063,49548,1.0,7.0,17.0,30.0,False,False,S_to_N,train,2,9
testing_20251124,007,8,testing_20251124:007:008,/home/coder/workspace/Federated-learning-floor-vibration-classification-and-regression-analysis/TestData/20251124_Testing/vib/Data/TestSetup_007.hdf5,1651.6129032258063,1651.6129032258063,49548,1.0,7.0,18.0,30.0,True,False,N_to_S,skipped,0,0
testing_20251124,007,9,testing_20251124:007:009,/home/coder/workspace/Federated-learning-floor-vibration-classification-and-regression-analysis/TestData/20251124_Testing/vib/Data/TestSetup_007.hdf5,1651.6129032258063,1651.6129032258063,49548,1.0,7.0,17.0,30.0,False,False,S_to_N,train,2,9
testing_20251124,007,10,testing_20251124:007:010,/home/coder/workspace/Federated-learning-floor-vibration-classification-and-regression-analysis/TestData/20251124_Testing/vib/Data/TestSetup_007.hdf5,1651.6129032258063,1651.6129032258063,49548,1.0,7.0,17.0,30.0,False,False,N_to_S,train,2,9
testing_20251124,007,11,testing_20251124:007:011,/home/coder/workspace/Federated-learning-floor-vibration-classification-and-regression-analysis/TestData/20251124_Testing/vib/Data/TestSetup_007.hdf5,1651.6129032258063,1651.6129032258063,49548,1.0,7.0,17.0,30.0,False,False,S_to_N,test,2,9
testing_20251124,007,12,testing_20251124:007:012,/home/coder/workspace/Federated-learning-floor-vibration-classification-and-regression-analysis/TestData/20251124_Testing/vib/Data/TestSetup_007.hdf5,1651.6129032258063,1651.6129032258063,49548,1.0,7.0,17.0,30.0,False,False,N_to_S,test,2,9
testing_20251124,007,13,testing_20251124:007:013,/home/coder/workspace/Federated-learning-floor-vibration-classification-and-regression-analysis/TestData/20251124_Testing/vib/Data/TestSetup_007.hdf5,1651.6129032258063,1651.6129032258063,49548,1.0,7.0,16.0,30.0,False,False,S_to_N,train,2,10
testing_20251124,007,14,testing_20251124:007:014,/home/coder/workspace/Federated-learning-floor-vibration-classification-and-regression-analysis/TestData/20251124_Testing/vib/Data/TestSetup_007.hdf5,1651.6129032258063,1651.6129032258063,49548,1.0,7.0,18.0,30.0,False,False,N_to_S,train,2,8
testing_20251124,008,0,testing_20251124:008:000,/home/coder/workspace/Federated-learning-floor-vibration-classification-and-regression-analysis/TestData/20251124_Testing/vib/Data/TestSetup_008.hdf5,1651.6129032258063,1651.6129032258063,49548,1.0,7.0,16.0,0.0,False,False,N_to_S,train,2,10
testing_20251124,008,1,testing_20251124:008:001,/home/coder/workspace/Federated-learning-floor-vibration-classification-and-regression-analysis/TestData/20251124_Testing/vib/Data/TestSetup_008.hdf5,1651.6129032258063,1651.6129032258063,49548,1.0,7.0,17.0,0.0,False,False,S_to_N,train,2,9
testing_20251124,008,2,testing_20251124:008:002,/home/coder/workspace/Federated-learning-floor-vibration-classification-and-regression-analysis/TestData/20251124_Testing/vib/Data/TestSetup_008.hdf5,1651.6129032258063,1651.6129032258063,49548,1.0,7.0,16.0,0.0,False,False,N_to_S,train,2,10
testing_20251124,008,3,testing_20251124:008:003,/home/coder/workspace/Federated-learning-floor-vibration-classification-and-regression-analysis/TestData/20251124_Testing/vib/Data/TestSetup_008.hdf5,1651.6129032258063,1651.6129032258063,49548,1.0,7.0,16.0,30.0,False,False,S_to_N,train,2,10
testing_20251124,008,4,testing_20251124:008:004,/home/coder/workspace/Federated-learning-floor-vibration-classification-and-regression-analysis/TestData/20251124_Testing/vib/Data/TestSetup_008.hdf5,1651.6129032258063,1651.6129032258063,49548,1.0,7.0,17.0,30.0,False,False,N_to_S,train,2,9
testing_20251124,008,5,testing_20251124:008:005,/home/coder/workspace/Federated-learning-floor-vibration-classification-and-regression-analysis/TestData/20251124_Testing/vib/Data/TestSetup_008.hdf5,1651.6129032258063,1651.6129032258063,49548,1.0,7.0,16.0,30.0,False,False,S_to_N,test,2,10
testing_20251124,008,6,testing_20251124:008:006,/home/coder/workspace/Federated-learning-floor-vibration-classification-and-regression-analysis/TestData/20251124_Testing/vib/Data/TestSetup_008.hdf5,1651.6129032258063,1651.6129032258063,49548,1.0,7.0,17.0,30.0,True,False,N_to_S,skipped,0,0
testing_20251124,008,7,testing_20251124:008:007,/home/coder/workspace/Federated-learning-floor-vibration-classification-and-regression-analysis/TestData/20251124_Testing/vib/Data/TestSetup_008.hdf5,1651.6129032258063,1651.6129032258063,49548,1.0,7.0,17.0,30.0,False,False,S_to_N,train,2,9
testing_20251124,008,8,testing_20251124:008:008,/home/coder/workspace/Federated-learning-floor-vibration-classification-and-regression-analysis/TestData/20251124_Testing/vib/Data/TestSetup_008.hdf5,1651.6129032258063,1651.6129032258063,49548,1.0,7.0,16.0,30.0,False,False,N_to_S,test,2,10
testing_20251124,008,9,testing_20251124:008:009,/home/coder/workspace/Federated-learning-floor-vibration-classification-and-regression-analysis/TestData/20251124_Testing/vib/Data/TestSetup_008.hdf5,1651.6129032258063,1651.6129032258063,49548,1.0,7.0,16.0,30.0,False,False,S_to_N,train,2,10
testing_20251124,008,10,testing_20251124:008:010,/home/coder/workspace/Federated-learning-floor-vibration-classification-and-regression-analysis/TestData/20251124_Testing/vib/Data/TestSetup_008.hdf5,1651.6129032258063,1651.6129032258063,49548,1.0,7.0,17.0,30.0,False,False,N_to_S,train,2,9
testing_20251124,008,11,testing_20251124:008:011,/home/coder/workspace/Federated-learning-floor-vibration-classification-and-regression-analysis/TestData/20251124_Testing/vib/Data/TestSetup_008.hdf5,1651.6129032258063,1651.6129032258063,49548,1.0,7.0,16.0,30.0,True,False,S_to_N,skipped,0,0
testing_20251124,008,12,testing_20251124:008:012,/home/coder/workspace/Federated-learning-floor-vibration-classification-and-regression-analysis/TestData/20251124_Testing/vib/Data/TestSetup_008.hdf5,1651.6129032258063,1651.6129032258063,49548,1.0,7.0,18.0,30.0,True,False,N_to_S,skipped,0,0
testing_20251124,008,13,testing_20251124:008:013,/home/coder/workspace/Federated-learning-floor-vibration-classification-and-regression-analysis/TestData/20251124_Testing/vib/Data/TestSetup_008.hdf5,1651.6129032258063,1651.6129032258063,49548,1.0,7.0,16.5,30.0,False,False,S_to_N,train,2,9
testing_20251124,008,14,testing_20251124:008:014,/home/coder/workspace/Federated-learning-floor-vibration-classification-and-regression-analysis/TestData/20251124_Testing/vib/Data/TestSetup_008.hdf5,1651.6129032258063,1651.6129032258063,49548,1.0,7.0,16.5,30.0,False,False,N_to_S,train,2,9
testing_20251124,008,15,testing_20251124:008:015,/home/coder/workspace/Federated-learning-floor-vibration-classification-and-regression-analysis/TestData/20251124_Testing/vib/Data/TestSetup_008.hdf5,1651.6129032258063,1651.6129032258063,49548,1.0,7.0,16.0,30.0,False,False,S_to_N,test,2,10
testing_20251124,008,16,testing_20251124:008:016,/home/coder/workspace/Federated-learning-floor-vibration-classification-and-regression-analysis/TestData/20251124_Testing/vib/Data/TestSetup_008.hdf5,1651.6129032258063,1651.6129032258063,49548,1.0,7.0,17.0,30.0,False,False,N_to_S,train,2,9
testing_20251124,008,17,testing_20251124:008:017,/home/coder/workspace/Federated-learning-floor-vibration-classification-and-regression-analysis/TestData/20251124_Testing/vib/Data/TestSetup_008.hdf5,1651.6129032258063,1651.6129032258063,49548,1.0,7.0,16.5,30.0,False,False,S_to_N,train,2,9
