epoch,train_loss,train_accuracy,learning_rate
1.0,1.9192951447337914,0.2181964573268921,0.001
2.0,1.4459562750830166,0.4331723027375201,0.000999321619703514
3.0,0.9062920361517324,0.6900161030595813,0.0009972883382072953
4.0,0.5509602528743314,0.8003220611916264,0.0009939057285945933
5.0,0.40187279143387183,0.8341384863123994,0.000989183062363234
6.0,0.29331399238819855,0.8985507246376812,0.0009831332840130888
7.0,0.2567913398122634,0.8977455716586151,0.0009757729755661012
8.0,0.16899120524501646,0.9492753623188406,0.0009671223111161149
9.0,0.13727706254440422,0.9637681159420289,0.0009572050015330875
10.0,0.13811489131043692,0.9533011272141707,0.0009460482294732422
11.0,0.09335993885418067,0.9774557165861514,0.0009336825748732973
12.0,0.06262524601150059,0.9838969404186796,0.000920141931132985
13.0,0.04611143039092541,0.9903381642512077,0.0009054634122155991
14.0,0.033017105466405745,0.9943639291465378,0.0008896872509212008
15.0,0.024534668815404705,0.9959742351046699,0.0008728566886113103
16.0,0.03018447938532645,0.9903381642512077,0.0008550178566873412
17.0,0.01653643350166399,0.9975845410628019,0.000836219650147635
18.0,0.01709071498727141,0.998389694041868,0.0008165135935696697
19.0,0.00723277978994996,1.0,0.0007959536998847743
20.0,0.007436031026498755,0.999194847020934,0.0007745963223324385
21.0,0.007546889090283673,1.0,0.0007525000000000001
22.0,0.004255735310883337,1.0,0.0007297252973710758
23.0,0.003838682036558931,1.0,0.0007063346383225213
24.0,0.003912546488961831,1.0,0.000682392135024924
25.0,0.003716939200921623,1.0,0.0006579634122155991
26.0,0.0027263305122227723,1.0,0.0006331154273257479
27.0,0.002515016824206496,1.0,0.0006079162869547909
28.0,0.0026557402428083613,1.0,0.0005824350601949144
29.0,0.0022935313120148416,1.0,0.0005567415893174886
30.0,0.0020347824970698178,1.0,0.0005309062983402573
31.0,0.0018462154057458787,1.0,0.0005050000000000002
32.0,0.0018266830170615583,1.0,0.00047909370165974305
33.0,0.001835367917165688,1.0,0.00045325841068251176
34.0,0.0016185494789166823,1.0,0.0004275649398050859
35.0,0.0015133247585538264,1.0,0.00040208371304520927
36.0,0.0015129950212467696,1.0,0.00037688457267425244
37.0,0.0014230967281857166,1.0,0.0003520365877844012
38.0,0.0013902504919411768,1.0,0.0003276078649750765
39.0,0.0014190501128525837,1.0,0.0003036653616774791
40.0,0.0013772514773399273,1.0,0.00028027470262892445
41.0,0.0013480179779300535,1.0,0.0002575000000000002
42.0,0.0012386733032058138,1.0,0.0002354036776675618
43.0,0.0012596513650075633,1.0,0.0002140463001152259
44.0,0.0011900927681751826,1.0,0.0001934864064303306
45.0,0.0011821229066309817,1.0,0.00017378034985236537
46.0,0.001156380509728215,1.0,0.00015498214331265904
47.0,0.00115250362680952,1.0,0.00013714331138868998
48.0,0.0011359014594852445,1.0,0.00012031274907879943
49.0,0.0011198898427182398,1.0,0.00010453658778440108
50.0,0.0010983651970144235,1.0,8.985806886701516e-05
51.0,0.0010883290764550273,1.0,7.631742512670285e-05
52.0,0.0010808860361403614,1.0,6.395177052675796e-05
53.0,0.00107653703013414,1.0,5.2794998466912526e-05
54.0,0.0010748640059541474,1.0,4.287768888388514e-05
55.0,0.0010588764746923857,1.0,3.4227024433899005e-05
56.0,0.0010542510333808436,1.0,2.6866715986911188e-05
57.0,0.0010554185821397316,1.0,2.0816937636766188e-05
58.0,0.0010457212638166913,1.0,1.6094271405406862e-05
59.0,0.0010443137729564463,1.0,1.2711661792704668e-05
60.0,0.0010423833455016085,1.0,1.0678380296485954e-05
