round,global_train_accuracy,global_train_balanced_accuracy,global_train_cross_entropy,global_train_macro_f1,learning_rate
0,0.07246376811594203,0.11109443777511004,2.1031675699636363,0.046672442877865955,0.001
1,0.2222222222222222,0.125,1.9502723228528305,0.04545454545454545,0.001
2,0.2286634460547504,0.12920168067226892,1.8043915509409758,0.058865030870700615,0.000999321619703514
3,0.4468599033816425,0.28575602426401026,1.5860278331907092,0.21022457346215234,0.0009972883382072953
4,0.4677938808373591,0.30667399410095164,1.4250350929496753,0.22416850899820512,0.0009939057285945933
5,0.5120772946859904,0.35542627950992056,1.249586317178324,0.2701918422692646,0.0009891830623632338
6,0.5426731078904992,0.40651231785016095,1.0997081780011335,0.33581016990451595,0.0009831332840130886
7,0.7351046698872786,0.6842843750465035,0.934945003805913,0.6476367263095189,0.0009757729755661011
8,0.7753623188405797,0.7346899359684519,0.8277360794048955,0.7238316157865947,0.0009671223111161148
9,0.8518518518518519,0.8395652357988534,0.7360474500871127,0.8110248214462175,0.0009572050015330874
10,0.7528180354267311,0.7592006380366716,0.6680318512586387,0.6721291782486447,0.0009460482294732421
11,0.8446054750402576,0.8199374327545588,0.6082693012056335,0.7617826196084841,0.0009336825748732972
12,0.7874396135265701,0.7977516337660893,0.5624365449527612,0.7372592269003881,0.0009201419311329849
13,0.8784219001610306,0.8439069543380266,0.5098779084409877,0.7931710960791201,0.000905463412215599
14,0.8478260869565217,0.8262751574414274,0.4942742933589671,0.7744369121328214,0.0008896872509212006
15,0.9420289855072463,0.9331489011167381,0.41853195428848267,0.924788419413402,0.0008728566886113102
16,0.9049919484702094,0.8600571644220603,0.37360543895650794,0.8182430492500337,0.000855017856687341
17,0.9420289855072463,0.9251175635817241,0.3323122518745981,0.9161048214866241,0.0008362196501476349
18,0.926731078904992,0.8892642314231726,0.29930701213566385,0.8685886541919232,0.0008165135935696696
19,0.9388083735909822,0.9080107208446293,0.2601785592602839,0.8953137503225288,0.0007959536998847742
20,0.92914653784219,0.8897502916729606,0.24542479440209947,0.8707091753187359,0.0007745963223324385
21,0.9726247987117552,0.9629399210926852,0.22049880248528939,0.9637826729565974,0.0007525
22,0.9565217391304348,0.9332301836297433,0.18720307819029366,0.9295759324994161,0.0007297252973710757
23,0.9806763285024155,0.9727652923980212,0.1698677642405897,0.972403457645554,0.0007063346383225212
24,0.9444444444444444,0.9163484309286629,0.16124975725696475,0.90740043537528,0.0006823921350249237
25,0.9726247987117552,0.9579593700290737,0.1399694868541906,0.9579152358016438,0.000657963412215599
26,0.9879227053140096,0.9826130783439204,0.12071707878777706,0.983054554224376,0.0006331154273257478
27,0.9790660225442834,0.9683135116857364,0.11124028955944687,0.9684375912662357,0.0006079162869547908
28,0.9903381642512077,0.9853703344148279,0.09363505903229526,0.9859543398685107,0.0005824350601949143
29,0.9911433172302737,0.9866458446189096,0.08494499691757532,0.9872128407136745,0.0005567415893174885
30,0.9887278582930756,0.9840168416788335,0.08981925230353303,0.9837793513181363,0.0005309062983402572
31,0.9919484702093397,0.9879213548229913,0.07479774141114283,0.9884696425482871,0.0005050000000000001
32,0.9911433172302737,0.9861981489843643,0.06513689059146265,0.986630580305501,0.00047909370165974294
33,0.9855072463768116,0.9777197576278218,0.06547520919020577,0.9779113773630215,0.00045325841068251166
34,0.9911433172302737,0.9862981890003708,0.06115652058999416,0.9866506484921824,0.00042756493980508576
35,0.9927536231884058,0.9887491693925277,0.05007855083355485,0.9891458829852774,0.0004020837130452091
36,0.9927536231884058,0.9886491293765213,0.04422051875196673,0.9891257785580574,0.00037688457267425233
37,0.9935587761674718,0.9900246795966092,0.044379676288764644,0.9904011767297297,0.0003520365877844011
38,0.9927536231884058,0.9885204081632653,0.042006520569420475,0.9887022670784062,0.00032760786497507637
39,0.9935587761674718,0.9900246795966092,0.0412208863703501,0.9904011767297297,0.000303665361677479
40,0.9919484702093397,0.9876925935937289,0.03682510611048529,0.9880249301790421,0.0002802747026289244
41,0.9951690821256038,0.9924756599887662,0.029806849591159555,0.992899226695393,0.00025750000000000013
42,0.9943639291465378,0.9912001497846845,0.028542853850607376,0.9916431116338218,0.00023540367766756176
43,0.9951690821256038,0.9924756599887662,0.026058169386624065,0.992899226695393,0.00021404630011522585
44,0.9943639291465378,0.9912001497846845,0.025216374623149802,0.9916431116338218,0.00019348640643033054
45,0.9951690821256038,0.9924756599887662,0.022909022481503165,0.992899226695393,0.00017378034985236535
46,0.9959742351046699,0.9936224489795918,0.02217508002668739,0.9937373180690899,0.000154982143312659
47,0.9959742351046699,0.9936224489795918,0.021456336507149305,0.9937373180690899,0.00013714331138868995
48,0.9951690821256038,0.9924756599887662,0.02011267255111365,0.992899226695393,0.0001203127490787994
49,0.9959742351046699,0.9937511701928478,0.0194403776616284,0.9941538958057902,0.00010453658778440107
50,0.9951690821256038,0.9924756599887662,0.019191761167634477,0.992899226695393,8.985806886701515e-05
51,0.9951690821256038,0.9924756599887662,0.018336121700764086,0.992899226695393,7.631742512670284e-05
52,0.9951690821256038,0.9924756599887662,0.017383321571192326,0.992899226695393,6.395177052675794e-05
53,0.9959742351046699,0.9937511701928478,0.016933850552616776,0.9941538958057902,5.279499846691251e-05
54,0.9959742351046699,0.9937511701928478,0.016772409764923838,0.9941538958057902,4.287768888388513e-05
55,0.9951690821256038,0.9924756599887662,0.01686203935754976,0.992899226695393,3.4227024433899005e-05
56,0.9951690821256038,0.9924756599887662,0.016254785075864715,0.992899226695393,2.6866715986911188e-05
57,0.9951690821256038,0.9924756599887662,0.01620596983967178,0.992899226695393,2.0816937636766185e-05
58,0.9951690821256038,0.9924756599887662,0.01613235242601826,0.992899226695393,1.609427140540686e-05
59,0.9951690821256038,0.9924756599887662,0.016163444187381155,0.992899226695393,1.2711661792704668e-05
60,0.9951690821256038,0.9924756599887662,0.016157833954181383,0.992899226695393,1.0678380296485953e-05
