round,client_id,num_examples,learning_rate,local_online_accuracy,local_online_cross_entropy,server_round
1,client_2,412,0.001,0.21359223300970873,2.0161886423536877,1.0
1,client_0,412,0.001,0.20388349514563106,2.014598837176573,1.0
1,client_1,418,0.001,0.21052631578947367,2.016715814052016,1.0
2,client_2,412,0.000999321619703514,0.24029126213592233,1.9157927059432835,2.0
2,client_0,412,0.000999321619703514,0.23058252427184467,1.9055729988709236,2.0
2,client_1,418,0.000999321619703514,0.22488038277511962,1.8943336477690336,2.0
3,client_1,418,0.0009972883382072953,0.3373205741626794,1.7103238025920813,3.0
3,client_2,412,0.0009972883382072953,0.3713592233009709,1.7007311177485198,3.0
3,client_0,412,0.0009972883382072953,0.3179611650485437,1.7450218559468833,3.0
4,client_1,418,0.0009939057285945933,0.43779904306220097,1.5167189465755482,4.0
4,client_0,412,0.0009939057285945933,0.4320388349514563,1.5136898837043244,4.0
4,client_2,412,0.0009939057285945933,0.41262135922330095,1.5573521551576632,4.0
5,client_0,412,0.0009891830623632338,0.4538834951456311,1.3619705068254935,5.0
5,client_2,412,0.0009891830623632338,0.470873786407767,1.385427713394165,5.0
5,client_1,418,0.0009891830623632338,0.4688995215311005,1.3576758846141506,5.0
6,client_2,412,0.0009831332840130886,0.5485436893203883,1.2201841201597048,6.0
6,client_1,418,0.0009831332840130886,0.5263157894736842,1.2027477145765386,6.0
6,client_0,412,0.0009831332840130886,0.5072815533980582,1.2429500077534648,6.0
7,client_1,418,0.0009757729755661011,0.6196172248803827,1.0340903044887706,7.0
7,client_2,412,0.0009757729755661011,0.5995145631067961,1.0790188966445553,7.0
7,client_0,412,0.0009757729755661011,0.6189320388349514,1.0412883851134662,7.0
8,client_0,412,0.0009671223111161148,0.6601941747572816,0.9765628981358797,8.0
8,client_2,412,0.0009671223111161148,0.6966019417475728,0.9246813319261792,8.0
8,client_1,418,0.0009671223111161148,0.6626794258373205,0.9184572462830247,8.0
9,client_2,412,0.0009572050015330874,0.6747572815533981,0.8538295904409539,9.0
9,client_0,412,0.0009572050015330874,0.6577669902912622,0.9028816367815999,9.0
9,client_1,418,0.0009572050015330874,0.7009569377990431,0.8113359560806785,9.0
10,client_2,412,0.0009460482294732421,0.6601941747572816,0.8398025330987949,10.0
10,client_0,412,0.0009460482294732421,0.7160194174757282,0.7505719482320027,10.0
10,client_1,418,0.0009460482294732421,0.7464114832535885,0.7554750647841458,10.0
11,client_0,412,0.0009336825748732972,0.7135922330097088,0.7818518524031037,11.0
11,client_1,418,0.0009336825748732972,0.7272727272727273,0.693926309284411,11.0
11,client_2,412,0.0009336825748732972,0.7742718446601942,0.6820212431903024,11.0
12,client_0,412,0.0009201419311329849,0.7427184466019418,0.6864159460206634,12.0
12,client_1,418,0.0009201419311329849,0.7559808612440191,0.6230677468925001,12.0
12,client_2,412,0.0009201419311329849,0.7718446601941747,0.7218347620038152,12.0
13,client_0,412,0.000905463412215599,0.7766990291262136,0.5792111239386993,13.0
13,client_2,412,0.000905463412215599,0.7766990291262136,0.6364673419484814,13.0
13,client_1,418,0.000905463412215599,0.7942583732057417,0.589692209824991,13.0
14,client_0,412,0.0008896872509212006,0.7645631067961165,0.5774716746459887,14.0
14,client_2,412,0.0008896872509212006,0.8009708737864077,0.6022117369383284,14.0
14,client_1,418,0.0008896872509212006,0.8110047846889952,0.5385788354006681,14.0
15,client_0,412,0.0008728566886113102,0.8543689320388349,0.5116333258383482,15.0
15,client_1,418,0.0008728566886113102,0.8205741626794258,0.48265599306120255,15.0
15,client_2,412,0.0008728566886113102,0.8543689320388349,0.5048816973723255,15.0
16,client_1,418,0.000855017856687341,0.9114832535885168,0.4042923373468755,16.0
16,client_2,412,0.000855017856687341,0.8203883495145631,0.47309562940041994,16.0
16,client_0,412,0.000855017856687341,0.8519417475728155,0.44166520700871365,16.0
17,client_0,412,0.0008362196501476349,0.9004854368932039,0.3875918579333037,17.0
17,client_1,418,0.0008362196501476349,0.84688995215311,0.3937528581140144,17.0
17,client_2,412,0.0008362196501476349,0.8470873786407767,0.4675961897789853,17.0
18,client_2,412,0.0008165135935696696,0.9077669902912622,0.3661279174888018,18.0
18,client_0,412,0.0008165135935696696,0.8980582524271845,0.3497216996637363,18.0
18,client_1,418,0.0008165135935696696,0.8851674641148325,0.34005313398735376,18.0
19,client_1,418,0.0007959536998847742,0.9019138755980861,0.28793437835987673,19.0
19,client_0,412,0.0007959536998847742,0.8980582524271845,0.3255515037809761,19.0
19,client_2,412,0.0007959536998847742,0.8762135922330098,0.36784201773624975,19.0
20,client_2,412,0.0007745963223324385,0.9174757281553398,0.29013485063626926,20.0
20,client_1,418,0.0007745963223324385,0.8947368421052632,0.2909874311474522,20.0
20,client_0,412,0.0007745963223324385,0.8762135922330098,0.3132221001444511,20.0
21,client_0,412,0.0007525,0.9296116504854369,0.24707524058888258,21.0
21,client_1,418,0.0007525,0.9401913875598086,0.237743160085815,21.0
21,client_2,412,0.0007525,0.9101941747572816,0.27170057392236097,21.0
22,client_0,412,0.0007297252973710757,0.9393203883495146,0.2424635861105132,22.0
22,client_2,412,0.0007297252973710757,0.9223300970873787,0.2638503576366647,22.0
22,client_1,418,0.0007297252973710757,0.9545454545454546,0.20344854613240257,22.0
23,client_2,412,0.0007063346383225212,0.9150485436893204,0.24206929574313674,23.0
23,client_1,418,0.0007063346383225212,0.9258373205741627,0.20167267618424584,23.0
23,client_0,412,0.0007063346383225212,0.9344660194174758,0.22095181843609485,23.0
24,client_1,418,0.0006823921350249237,0.9665071770334929,0.16930704920343234,24.0
24,client_2,412,0.0006823921350249237,0.9393203883495146,0.23073326195906668,24.0
24,client_0,412,0.0006823921350249237,0.9393203883495146,0.19422082805517807,24.0
25,client_1,418,0.000657963412215599,0.9665071770334929,0.14067661191858172,25.0
25,client_0,412,0.000657963412215599,0.9635922330097088,0.1648946680779596,25.0
25,client_2,412,0.000657963412215599,0.9490291262135923,0.19057226846519026,25.0
26,client_1,418,0.0006331154273257478,0.9688995215311005,0.13142150013070358,26.0
26,client_2,412,0.0006331154273257478,0.9490291262135923,0.16113402361719353,26.0
26,client_0,412,0.0006331154273257478,0.970873786407767,0.16058931044004496,26.0
27,client_1,418,0.0006079162869547908,0.9617224880382775,0.14698118245915362,27.0
27,client_2,412,0.0006079162869547908,0.9635922330097088,0.15398092929599355,27.0
27,client_0,412,0.0006079162869547908,0.9490291262135923,0.15273567607391228,27.0
28,client_0,412,0.0005824350601949143,0.9733009708737864,0.13532802686818596,28.0
28,client_1,418,0.0005824350601949143,0.9808612440191388,0.10941427717938948,28.0
28,client_2,412,0.0005824350601949143,0.9563106796116505,0.13033517855174334,28.0
29,client_2,412,0.0005567415893174885,0.9684466019417476,0.12024861075056409,29.0
29,client_0,412,0.0005567415893174885,0.9927184466019418,0.11190444657814155,29.0
29,client_1,418,0.0005567415893174885,0.9760765550239234,0.09477284871505208,29.0
30,client_1,418,0.0005309062983402572,0.9808612440191388,0.09470539573918689,30.0
30,client_2,412,0.0005309062983402572,0.9490291262135923,0.13485926621168562,30.0
30,client_0,412,0.0005309062983402572,0.9927184466019418,0.09573279834777407,30.0
31,client_2,412,0.0005050000000000001,0.9757281553398058,0.1070051764689603,31.0
31,client_1,418,0.0005050000000000001,0.9880382775119617,0.08435747569257562,31.0
31,client_0,412,0.0005050000000000001,0.9660194174757282,0.12323569043458087,31.0
32,client_2,412,0.00047909370165974294,0.9635922330097088,0.11523164595359738,32.0
32,client_0,412,0.00047909370165974294,0.9781553398058253,0.09604253120792722,32.0
32,client_1,418,0.00047909370165974294,0.992822966507177,0.06868578566674981,32.0
33,client_2,412,0.00045325841068251166,0.9635922330097088,0.10700920093985437,33.0
33,client_0,412,0.00045325841068251166,0.9975728155339806,0.07452975445002027,33.0
33,client_1,418,0.00045325841068251166,0.9904306220095693,0.06598490476162668,33.0
34,client_0,412,0.00042756493980508576,0.9927184466019418,0.06764858997273214,34.0
34,client_1,418,0.00042756493980508576,0.9952153110047847,0.06373060024989564,34.0
34,client_2,412,0.00042756493980508576,0.970873786407767,0.10153512620520823,34.0
35,client_2,412,0.0004020837130452091,0.9781553398058253,0.07743719133358558,35.0
35,client_1,418,0.0004020837130452091,0.9904306220095693,0.05952002018975299,35.0
35,client_0,412,0.0004020837130452091,0.9927184466019418,0.060211223884693625,35.0
36,client_2,412,0.00037688457267425233,0.9684466019417476,0.08571733396898196,36.0
36,client_0,412,0.00037688457267425233,0.9902912621359223,0.05202511021668471,36.0
36,client_1,418,0.00037688457267425233,0.992822966507177,0.04631782843593205,36.0
37,client_1,418,0.0003520365877844011,0.9808612440191388,0.050491598394641464,37.0
37,client_0,412,0.0003520365877844011,0.9975728155339806,0.041118728955393855,37.0
37,client_2,412,0.0003520365877844011,0.9757281553398058,0.07750334807680649,37.0
38,client_1,418,0.00032760786497507637,0.9976076555023924,0.03813071605976689,38.0
38,client_0,412,0.00032760786497507637,0.9975728155339806,0.03782072182274559,38.0
38,client_2,412,0.00032760786497507637,0.9830097087378641,0.06456847380376557,38.0
39,client_0,412,0.000303665361677479,0.9951456310679612,0.03804305564720654,39.0
39,client_1,418,0.000303665361677479,0.9976076555023924,0.041472429258116124,39.0
39,client_2,412,0.000303665361677479,0.9757281553398058,0.07806192313149138,39.0
40,client_1,418,0.0002802747026289244,1.0,0.030598527560251183,40.0
40,client_2,412,0.0002802747026289244,0.9805825242718447,0.058643783759144905,40.0
40,client_0,412,0.0002802747026289244,0.9975728155339806,0.029392182591904716,40.0
41,client_1,418,0.00025750000000000013,1.0,0.029793621720434232,41.0
41,client_0,412,0.00025750000000000013,1.0,0.03029372054830338,41.0
41,client_2,412,0.00025750000000000013,0.9830097087378641,0.059951869192198644,41.0
42,client_2,412,0.00023540367766756176,0.9660194174757282,0.08241417975101656,42.0
42,client_0,412,0.00023540367766756176,0.9975728155339806,0.029989484570992802,42.0
42,client_1,418,0.00023540367766756176,1.0,0.0219684933450376,42.0
43,client_0,412,0.00021404630011522585,1.0,0.023581423281321248,43.0
43,client_1,418,0.00021404630011522585,1.0,0.018921877097106722,43.0
43,client_2,412,0.00021404630011522585,0.9902912621359223,0.04468880449105235,43.0
44,client_1,418,0.00019348640643033054,1.0,0.017375532221316436,44.0
44,client_0,412,0.00019348640643033054,0.9975728155339806,0.02235467016733098,44.0
44,client_2,412,0.00019348640643033054,0.9854368932038835,0.0465567987231375,44.0
45,client_1,418,0.00017378034985236535,1.0,0.018045093948868187,45.0
45,client_2,412,0.00017378034985236535,0.9878640776699029,0.03708647672557137,45.0
45,client_0,412,0.00017378034985236535,1.0,0.021422398945732602,45.0
46,client_1,418,0.000154982143312659,1.0,0.014076833956335721,46.0
46,client_2,412,0.000154982143312659,0.9878640776699029,0.04340822108596274,46.0
46,client_0,412,0.000154982143312659,0.9951456310679612,0.023456258744507737,46.0
47,client_2,412,0.00013714331138868995,0.9927184466019418,0.033752810237115446,47.0
47,client_0,412,0.00013714331138868995,1.0,0.020575402449201613,47.0
47,client_1,418,0.00013714331138868995,1.0,0.01354503158689365,47.0
48,client_0,412,0.0001203127490787994,0.9975728155339806,0.01839103136953075,48.0
48,client_1,418,0.0001203127490787994,1.0,0.014459109132102374,48.0
48,client_2,412,0.0001203127490787994,0.9927184466019418,0.03313360723115287,48.0
49,client_0,412,0.00010453658778440107,0.9975728155339806,0.016102336998124724,49.0
49,client_1,418,0.00010453658778440107,1.0,0.012390417452349046,49.0
49,client_2,412,0.00010453658778440107,0.9927184466019418,0.02950299144225213,49.0
50,client_0,412,8.985806886701515e-05,1.0,0.015132672632637532,50.0
50,client_2,412,8.985806886701515e-05,0.9927184466019418,0.034252438965497664,50.0
50,client_1,418,8.985806886701515e-05,1.0,0.011850481630084618,50.0
51,client_1,418,7.631742512670284e-05,1.0,0.01055113553976346,51.0
51,client_0,412,7.631742512670284e-05,0.9975728155339806,0.01587766736239484,51.0
51,client_2,412,7.631742512670284e-05,0.9927184466019418,0.03129061020332054,51.0
52,client_0,412,6.395177052675794e-05,1.0,0.014189761358051046,52.0
52,client_2,412,6.395177052675794e-05,0.9951456310679612,0.02907347914229319,52.0
52,client_1,418,6.395177052675794e-05,1.0,0.010021311168572264,52.0
53,client_0,412,5.279499846691251e-05,0.9975728155339806,0.013835756885773928,53.0
53,client_2,412,5.279499846691251e-05,0.9951456310679612,0.030965723169660106,53.0
53,client_1,418,5.279499846691251e-05,1.0,0.010058231794377833,53.0
54,client_0,412,4.287768888388513e-05,1.0,0.012835309922116475,54.0
54,client_2,412,4.287768888388513e-05,0.9927184466019418,0.02792203112604838,54.0
54,client_1,418,4.287768888388513e-05,1.0,0.009697294210275395,54.0
55,client_1,418,3.4227024433899005e-05,1.0,0.010218405691432236,55.0
55,client_0,412,3.4227024433899005e-05,0.9975728155339806,0.012913838548820864,55.0
55,client_2,412,3.4227024433899005e-05,0.9975728155339806,0.027590519866173707,55.0
56,client_1,418,2.6866715986911188e-05,1.0,0.009071077418472656,56.0
56,client_0,412,2.6866715986911188e-05,0.9975728155339806,0.013023331734234268,56.0
56,client_2,412,2.6866715986911188e-05,0.9927184466019418,0.02593063083884207,56.0
57,client_1,418,2.0816937636766185e-05,1.0,0.008940235055475072,57.0
57,client_0,412,2.0816937636766185e-05,1.0,0.012263922680856533,57.0
57,client_2,412,2.0816937636766185e-05,0.9902912621359223,0.027741335965331317,57.0
58,client_0,412,1.609427140540686e-05,0.9975728155339806,0.012027494555104126,58.0
58,client_1,418,1.609427140540686e-05,1.0,0.008839694792003723,58.0
58,client_2,412,1.609427140540686e-05,0.9902912621359223,0.02635202976395783,58.0
59,client_2,412,1.2711661792704668e-05,0.9927184466019418,0.02579060592914669,59.0
59,client_1,418,1.2711661792704668e-05,1.0,0.009033380313575909,59.0
59,client_0,412,1.2711661792704668e-05,0.9975728155339806,0.01211408789278668,59.0
60,client_1,418,1.0678380296485953e-05,1.0,0.008683225351639769,60.0
60,client_2,412,1.0678380296485953e-05,0.9902912621359223,0.02706290740809105,60.0
60,client_0,412,1.0678380296485953e-05,1.0,0.011997910975975898,60.0
