sensor_label,sensor_name,channel,trial_count,subject_count,mean_snr_db,median_snr_db,p10_snr_db,p90_snr_db,min_snr_db,max_snr_db,mean_signal_rms,mean_noise_rms,noisy_trial_count,good_trial_count,excellent_trial_count,noisy_fraction,median_status
1,1,1,89,6,3.0991315,1.868104,0.40994549,7.5112033,-2.7509236,11.426733,0.00058270871,0.00038949445,57,2,0,0.64044944,noisy
2,2,2,89,6,5.2972711,4.5272188,2.0203622,9.2189699,-0.22875617,15.151406,0.00085758313,0.00044092662,20,7,0,0.2247191,weak
3,3,3,89,6,5.4064525,4.3956257,1.643721,9.307836,-0.18286605,14.320093,0.00081573989,0.00042044269,23,5,0,0.25842697,weak
4,4,4,89,6,7.4498956,7.6378221,2.6248584,12.380005,0.23942005,16.286037,0.00060646402,0.0002370307,14,27,0,0.15730337,weak
5,5,5,89,6,9.5648196,10.089797,4.2670411,13.568897,2.511672,18.470848,0.00091237093,0.00027747463,2,46,0,0.02247191,good
6,6,6,89,6,8.3368407,8.6070734,3.3451665,12.769957,1.3951407,16.205624,0.00071140731,0.00025234916,8,29,0,0.08988764,weak
7,7,7,89,6,4.5002948,2.9241695,0.36561986,10.205298,-1.1674942,11.611378,0.0004281326,0.00023380981,45,10,0,0.50561798,noisy
8x,8x,8,89,6,3.0814141,2.9747025,0.28311027,6.7543724,-9.1257424,10.523279,0.00020397095,0.00013833199,45,1,0,0.50561798,noisy
8y,8y,9,89,6,3.8389908,3.7125665,0.52833863,7.8126644,-8.9899032,11.809013,0.00028925117,0.00017817465,37,2,0,0.41573034,weak
8z,8z,10,89,6,4.3603932,3.1071234,0.59525718,9.7600164,-1.7620396,10.759676,0.00039345681,0.00022060091,43,6,0,0.48314607,weak
9x,9x,11,89,6,0.10765786,0.11123017,-0.32436712,0.58717613,-0.78982396,0.99049874,0.00017904234,0.00017685205,89,0,0,1,noisy
9y,9y,12,89,6,-0.011534551,0.034352258,-0.28266582,0.2566635,-1.4103461,0.7363867,0.00028218285,0.00028264766,89,0,0,1,noisy
9z,9z,13,89,6,0.031637712,0.028026534,-0.26793382,0.385378,-0.66181245,0.64400266,0.00046938048,0.00046773781,89,0,0,1,noisy
10,10,14,89,6,0.021784101,-0.0050775699,-0.2324399,0.24731808,-0.46659484,0.85335335,0.0011794388,0.001176573,89,0,0,1,noisy
11,11,15,89,6,0.28639057,0.2597244,-1.4716194,2.0608145,-4.4087587,6.8201932,0.00035945575,0.00034749849,84,0,0,0.94382022,noisy
12,12,16,89,6,0.89444859,0.87132298,-0.24365006,1.9935699,-1.409555,3.5168329,0.00035483276,0.00031914189,86,0,0,0.96629213,noisy
13,13,17,89,6,0.93114646,0.97736243,-0.16403661,2.061896,-1.0234014,3.4802828,0.00036015153,0.00032292455,87,0,0,0.97752809,noisy
14,14,18,89,6,0.67260182,0.58623017,-0.087139067,1.6320035,-0.69500729,3.1479477,0.00037258794,0.00034416542,88,0,0,0.98876404,noisy
15,15,19,89,6,0.62683868,0.47396605,-0.27202652,1.72756,-0.79696663,2.7622946,0.00035316335,0.00032800697,89,0,0,1,noisy
16,16,20,89,6,0.17202318,0.17340611,-0.2370803,0.62339065,-0.73985637,1.3551013,0.00039107716,0.00038331385,89,0,0,1,noisy
