subject_id,sensor_label,trial_count,mean_snr_db,median_snr_db,min_snr_db,max_snr_db,median_status
003,1,15,3.3304737,2.0480561,0.66127305,6.5679934,noisy
003,2,15,4.7015798,4.3854095,2.8654921,6.5766744,weak
003,3,15,4.0609847,3.8340323,3.2678261,6.4790831,weak
003,4,15,6.710824,6.6948568,5.5479614,8.454973,weak
003,5,15,9.2400582,9.4803612,7.2077431,10.007496,weak
003,6,15,8.1803911,8.3428854,6.8135388,9.5662821,weak
003,7,15,5.5247271,6.273242,1.6048373,9.9090665,weak
003,8x,15,5.0732352,5.3207887,1.1988951,7.5951463,weak
003,8y,15,5.7908175,5.6505229,0.94449929,9.9741458,weak
003,8z,15,4.7591068,4.2782696,1.7449888,8.5210374,weak
003,9x,15,0.30956312,0.29814218,-0.032150585,0.84346889,noisy
003,9y,15,0.15011932,0.18966761,-0.35618244,0.60757949,noisy
003,9z,15,0.1290144,0.10319623,-0.56306633,0.51854031,noisy
003,10,15,0.13637637,0.13171816,-0.18375835,0.85335335,noisy
003,11,15,0.5364434,0.058060814,-1.4595623,6.8201932,noisy
003,12,15,1.5823353,1.3793462,0.61006598,3.2860159,noisy
003,13,15,1.4795911,1.374105,0.65232901,3.4802828,noisy
003,14,15,0.70810668,0.63178689,0.23261318,1.877344,noisy
003,15,15,1.3409907,1.1924519,0.42798394,2.7622946,noisy
003,16,15,0.24727667,0.27531231,-0.7294671,1.3551013,noisy
004,1,15,3.2716192,4.019801,0.12830148,6.4746938,weak
004,2,15,6.7103798,7.8938521,3.2836376,9.5086871,weak
004,3,15,7.4057753,7.3921466,6.2574328,8.6699066,weak
004,4,15,9.8714119,9.9646536,8.5078349,11.184832,weak
004,5,15,12.066098,12.224545,10.76215,13.203065,good
004,6,15,10.282882,10.101581,8.5978478,12.809933,good
004,7,15,4.2161525,2.0812798,-0.1527485,9.7779981,noisy
004,8x,15,2.6452588,2.5533871,0.8799483,6.2737514,noisy
004,8y,15,3.8303675,3.7859277,0.73880711,6.9386222,weak
004,8z,15,4.739755,2.4567511,-0.14595548,9.8681801,noisy
004,9x,15,-0.1069873,-0.037212883,-0.78982396,0.50190475,noisy
004,9y,15,-0.22622133,-0.14152511,-1.4103461,0.18426368,noisy
004,9z,15,-0.07940931,-0.082920107,-0.66181245,0.47599014,noisy
004,10,15,-0.090666231,-0.097329843,-0.46659484,0.69410624,noisy
004,11,15,-0.59444508,-0.00083705743,-4.4087587,5.6558571,noisy
004,12,15,0.6970039,0.89510411,-0.58654408,1.6395485,noisy
004,13,15,0.77157298,0.97736243,-0.47208144,1.6591407,noisy
004,14,15,0.61759683,0.70765188,-0.60822539,1.710881,noisy
004,15,15,0.35517328,0.42132506,-0.79696663,1.5215625,noisy
004,16,15,0.11988826,0.12482955,-0.57246049,0.91176135,noisy
005,1,16,1.3035521,1.6631297,-2.7509236,2.6233053,noisy
005,2,16,2.9586586,2.8794371,1.6567875,3.9129388,noisy
005,3,16,2.4656754,2.5548747,1.0068295,3.1618377,noisy
005,4,16,3.4355885,3.5428439,1.3125681,4.074495,weak
005,5,16,5.3012254,5.2623006,4.481647,6.1449231,weak
005,6,16,5.1117542,5.1651855,3.54575,6.9209956,weak
005,7,16,2.4704719,2.764699,0.46265737,4.6531978,noisy
005,8x,16,1.1567637,0.79396317,-4.4466924,5.8799587,noisy
005,8y,16,1.7659434,1.6341884,-2.2923257,6.2880475,noisy
005,8z,16,2.2100585,2.3101895,-1.7620396,6.0567728,noisy
005,9x,16,-0.033116205,0.021556852,-0.63491209,0.31839175,noisy
005,9y,16,0.068798497,0.027774231,-0.18929025,0.67274943,noisy
005,9z,16,0.0067435371,0.0083753258,-0.35311021,0.42917266,noisy
005,10,16,0.019217803,0.015203255,-0.28455805,0.58573374,noisy
005,11,16,0.31275523,0.48642197,-1.519848,1.783727,noisy
005,12,16,0.3290322,0.45797491,-1.409555,1.1535413,noisy
005,13,16,0.15309373,0.28026685,-1.0234014,0.61138725,noisy
005,14,16,0.15280921,0.093780235,-0.22486415,0.716838,noisy
005,15,16,0.14040698,0.19486958,-0.71707123,1.3767191,noisy
005,16,16,0.076536151,0.037771061,-0.30658854,0.62305387,noisy
006,1,14,1.1837796,0.93442288,-0.564063,4.3129006,noisy
006,2,14,2.2063467,1.7081372,-0.22875617,6.8286193,noisy
006,3,14,2.1022697,1.5060259,-0.18286605,6.9132651,noisy
006,4,14,2.7197939,2.3183972,0.23942005,7.6378221,noisy
006,5,14,4.7095004,3.6827322,2.511672,10.817799,weak
006,6,14,3.8039587,2.8438419,1.3951407,8.7018916,noisy
006,7,14,2.5212879,1.9722569,-0.41723796,8.1352355,noisy
006,8x,14,1.695455,1.3800482,-0.6205396,4.6008554,noisy
006,8y,14,2.1150333,1.9924511,-0.40731359,4.6320043,noisy
006,8z,14,2.6136109,1.9168509,-0.2848888,7.3624339,noisy
006,9x,14,-0.04322271,-0.026099755,-0.71660102,0.59673708,noisy
006,9y,14,-0.11132064,-0.053611797,-0.83136024,0.33796692,noisy
006,9z,14,0.041937388,-0.020945414,-0.23714779,0.54741362,noisy
006,10,14,0.019279728,-0.034559123,-0.24049602,0.6526221,noisy
006,11,14,-0.023640125,0.18675352,-2.7102196,3.1927206,noisy
006,12,14,-0.019692929,0.036869486,-1.24003,1.4641758,noisy
006,13,14,0.078367495,0.070309927,-1.0114944,1.5132067,noisy
006,14,14,0.15073852,0.10341849,-0.69500729,1.5539315,noisy
006,15,14,-0.02746795,0.030019213,-0.76599886,0.69499381,noisy
006,16,14,0.076073803,0.11469847,-0.52285592,0.88511734,noisy
007,1,14,5.1148385,5.2017564,0.46907492,11.426733,weak
007,2,14,8.7716123,9.3922673,3.155348,15.151406,weak
007,3,14,9.3382908,9.351771,4.3956257,14.320093,weak
007,4,14,13.044931,12.549197,11.014837,16.286037,good
007,5,14,14.727007,14.413593,12.272618,18.470848,good
007,6,14,12.714613,12.783235,6.0597167,16.205624,good
007,7,14,5.9455917,6.2735655,-1.1674942,11.611378,weak
007,8x,14,1.9637192,2.6046977,-9.1257424,6.7973409,noisy
007,8y,14,3.2271376,3.463871,-8.9899032,7.9967387,weak
007,8z,14,6.0108122,6.5533436,0.3858785,10.759676,weak
007,9x,14,0.3295497,0.18454564,-0.077335953,0.99049874,noisy
007,9y,14,0.087717639,0.067632363,-0.19737392,0.7363867,noisy
007,9z,14,0.06663879,0.055070639,-0.26011074,0.64400266,noisy
007,10,14,-0.0078051345,0.0031783322,-0.29901204,0.18241031,noisy
007,11,14,0.87214016,0.58904759,-1.9255376,3.405854,noisy
007,12,14,1.396482,1.4856122,-0.1119989,3.5168329,noisy
007,13,14,1.5602686,1.2300848,0.44043901,3.349359,noisy
007,14,14,1.5684766,1.5459154,0.45332553,3.1479477,noisy
007,15,14,1.0092508,0.87468077,0.20688388,2.0086041,noisy
007,16,14,0.28860517,0.25968938,-0.21567443,0.93569342,noisy
008,1,15,4.5169215,2.8178493,0.75878408,8.8677749,noisy
008,2,15,6.6165178,6.9428494,3.3241291,10.451076,weak
008,3,15,7.3036144,7.5538296,3.3372757,11.343792,weak
008,4,15,9.2421072,9.214942,6.7685326,11.91854,weak
008,5,15,11.649725,11.839204,9.9301626,13.408343,good
008,6,15,10.13211,10.582837,7.4681581,13.328433,good
008,7,15,6.4232786,6.7809542,1.5443067,11.02539,weak
008,8x,15,5.9154524,4.6412653,2.2632691,10.523279,weak
008,8y,15,6.2871277,5.7101832,2.1203362,11.809013,weak
008,8z,15,5.9659473,5.4881194,1.8440208,10.237741,weak
008,9x,15,0.20427956,0.23177685,-0.42182761,0.7064457,noisy
008,9y,15,-0.043691918,0.039835926,-0.73656544,0.24493302,noisy
008,9z,15,0.029581126,0.10028556,-0.45162211,0.37959093,noisy
008,10,15,0.052333588,0.060744953,-0.19619023,0.26129674,noisy
008,11,15,0.63171344,0.52328953,-1.9923355,2.1921801,noisy
008,12,15,1.3917516,1.297047,-0.16637563,2.8376635,noisy
008,13,15,1.5809446,1.6805194,0.40898513,2.3324643,noisy
008,14,15,0.89746996,0.96476151,-0.089369695,1.6252574,noisy
008,15,15,0.9569807,0.8763979,0.12632906,1.747031,noisy
008,16,15,0.23150032,0.29409798,-0.73985637,0.85751758,noisy
