subject_id,run_index,trial_number,skip_run,included_in_summary,sensor_count,median_snr_db,min_snr_db,max_snr_db,noisy_sensor_count,good_sensor_count,best_sensor,best_sensor_snr_db,worst_sensor,worst_sensor_snr_db,noisy_sensors,good_sensors
003,0,1,0,1,20,2.8754483,-0.7294671,9.7265208,10,0,5,9.7265208,16,-0.7294671,16;9z;9y;10;9x;14;11;15;13;7,
003,1,2,0,1,20,1.2250035,-0.54385353,9.1801253,11,0,5,9.1801253,11,-0.54385353,11;9y;9x;9z;10;16;14;1;12;15;13,
003,2,3,0,1,20,1.7809494,0.097869367,10.007496,11,1,5,10.007496,9y,0.097869367,9y;10;9z;16;9x;11;14;12;13;15;1,5
003,3,4,0,1,20,1.3501926,-1.4595623,9.1071014,11,0,5,9.1071014,11,-1.4595623,11;9y;9z;10;9x;16;15;14;12;13;1,
003,4,5,0,1,20,1.5240939,-0.79321564,8.7512083,12,0,5,8.7512083,11,-0.79321564,11;9y;16;9z;10;14;9x;15;13;12;8z;7,
003,5,6,0,1,20,1.9584678,-0.56306633,8.4837398,11,0,5,8.4837398,9z,-0.56306633,9z;9x;10;9y;14;16;12;13;11;15;1,
003,6,7,0,1,20,2.3837273,0.16176046,9.7772041,12,0,5,9.7772041,16,0.16176046,16;10;9y;9z;9x;14;15;11;13;12;7;8z,
003,7,8,0,1,20,2.4546951,0.34084528,9.9090665,11,0,7,9.9090665,9y,0.34084528,9y;10;16;9z;9x;1;14;12;13;15;11,
003,8,9,0,1,20,1.7819294,-0.17986097,8.616319,12,0,5,8.616319,10,-0.17986097,10;16;9z;9x;11;9y;14;15;13;12;7;8z,
003,9,10,0,1,20,1.2203481,-0.82998064,9.4803612,12,0,5,9.4803612,11,-0.82998064,11;9x;10;9z;16;9y;14;12;1;15;13;2,
003,10,11,0,1,20,1.7162464,-0.092741068,9.1627393,14,0,5,9.1627393,10,-0.092741068,10;16;11;9y;9z;9x;15;14;13;7;12;8z;8y;8x,
003,11,12,0,1,20,1.4068104,-1.3282878,9.9741458,11,0,8y,9.9741458,11,-1.3282878,11;9z;10;9y;9x;16;14;12;13;1;15,
003,12,13,0,1,20,2.3506157,-0.18375835,9.8065295,12,0,5,9.8065295,10,-0.18375835,10;9z;9x;11;16;9y;15;14;13;8z;12;7,
003,13,14,0,1,20,1.8576377,-1.1708757,9.5926442,11,0,5,9.5926442,11,-1.1708757,11;10;9y;9x;16;9z;14;12;13;1;15,
003,14,15,0,1,20,2.9927293,0.51854031,8.0743137,10,0,6,8.0743137,9z,0.51854031,9z;9y;9x;10;8y;8x;16;14;15;12,
004,0,1,0,1,20,1.1964235,-0.27201861,12.639495,14,3,5,12.639495,16,-0.27201861,16;9x;9z;10;9y;11;15;14;13;7;8x;12;8y;8z,6;4;5
004,1,2,0,1,20,0.3457525,-3.9365563,10.76215,11,1,5,10.76215,11,-3.9365563,11;12;15;10;9y;9z;13;9x;1;16;14,5
004,2,3,0,1,20,1.8604141,-1.0267456,12.896982,12,3,5,12.896982,9y,-1.0267456,9y;9x;10;9z;16;11;13;14;15;12;7;8z,4;6;5
004,3,4,0,1,20,0.96317575,-1.0050355,12.534492,13,3,5,12.534492,11,-1.0050355,11;10;9y;9x;9z;16;15;12;14;1;13;8x;8y,6;4;5
004,4,5,0,1,20,-0.073301048,-1.8823452,13.182675,14,2,5,13.182675,11,-1.8823452,11;9y;15;9x;9z;14;16;13;10;8z;7;12;8y;8x,4;5
004,5,6,0,1,20,2.8003238,0.15939316,12.809933,10,3,6,12.809933,9z,0.15939316,9z;9y;10;9x;16;12;15;1;13;14,4;5;6
004,6,7,0,1,20,1.1078959,-0.058473039,12.772577,14,3,5,12.772577,16,-0.058473039,16;9z;10;9y;9x;11;15;14;12;13;7;8x;8z;8y,4;6;5
004,7,8,0,1,20,0.58900215,-4.4087587,11.277062,11,2,5,11.277062,11,-4.4087587,11;10;9x;9y;9z;12;13;16;15;14;1,6;5
004,8,9,0,1,20,1.0998782,-0.20351996,11.835103,14,1,5,11.835103,10,-0.20351996,10;9z;9y;9x;16;11;15;7;14;12;13;8x;8z;8y,5
004,9,10,0,1,20,1.2750278,-0.54330837,13.203065,12,2,5,13.203065,9y,-0.54330837,9y;10;9z;9x;16;11;15;1;12;14;13;8x,6;5
004,10,11,0,1,20,0.8093777,-0.36311199,11.681206,14,2,5,11.681206,16,-0.36311199,16;7;11;15;9y;14;9x;9z;10;8y;8x;13;12;8z,4;5
004,11,12,0,1,20,0.6239809,-3.5512546,11.332631,11,1,5,11.332631,11,-3.5512546,11;10;12;9z;9y;9x;16;15;13;1;14,5
004,12,13,0,1,20,0.89124494,-0.29922616,12.528865,14,1,5,12.528865,9z,-0.29922616,9z;9y;10;9x;16;15;7;14;11;13;12;8z;8x;8y,5
004,13,14,0,1,20,0.78098634,-1.1418881,11.065776,11,2,6,11.065776,11,-1.1418881,11;9x;9y;9z;10;12;16;1;15;13;14,5;6
004,14,15,0,1,20,0.78718145,-0.94671816,11.23975,13,1,5,11.23975,11,-0.94671816,11;9z;9x;16;10;15;9y;7;14;12;8z;13;8x,5
005,0,1,0,1,20,0.66646526,-0.30868529,6.0086939,16,0,6,6.0086939,9z,-0.30868529,9z;10;16;9y;9x;15;14;11;13;8x;12;8y;1;8z;3;2,
005,1,2,1,0,20,0.37659433,-1.3196421,4.4177572,17,0,6,4.4177572,11,-1.3196421,11;12;13;1;14;16;15;10;9z;9x;9y;8x;2;7;8z;3;4,
005,2,3,0,1,20,0.63819095,-1.519848,5.205634,16,0,5,5.205634,11,-1.519848,11;15;12;14;13;9x;16;9y;10;9z;8z;7;1;8x;3;2,
005,3,4,0,1,20,0.99653646,-0.45073499,6.9209956,14,0,6,6.9209956,11,-0.45073499,11;9z;9y;9x;10;14;16;12;15;13;8x;8y;1;8z,
005,4,5,0,1,20,1.4303057,0.052548281,5.4651546,15,0,6,5.4651546,9z,0.052548281,9z;10;13;15;9x;14;9y;16;12;8z;11;7;8y;1;8x,
005,5,6,0,1,20,0.81959998,-0.5577456,6.2880475,12,0,8y,6.2880475,11,-0.5577456,11;15;10;9z;14;9x;9y;13;16;12;1;3,
005,6,7,0,1,20,1.871185,-0.16778195,6.1724247,11,0,8y,6.1724247,10,-0.16778195,10;9z;9y;13;16;9x;15;14;11;12;1,
005,7,8,0,1,20,0.50763676,-0.6684843,6.6680891,15,0,6,6.6680891,8x,-0.6684843,8x;10;9y;9z;12;16;9x;15;14;13;8y;1;11;3;2,
005,8,9,0,1,20,0.75382485,-0.31632827,5.4269105,17,0,5,5.4269105,13,-0.31632827,13;15;14;16;9y;12;9x;9z;11;10;7;8z;1;8x;3;8y;2,
005,9,10,1,0,20,0.40769065,-2.6707982,5.6299476,16,0,6,5.6299476,8y,-2.6707982,8y;8x;15;16;10;9y;13;14;9z;12;11;9x;1;3;8z;7,
005,10,11,0,1,20,0.7890165,-0.17128211,5.5268022,17,0,5,5.5268022,10,-0.17128211,10;9z;16;9y;9x;13;15;11;14;8x;7;12;8y;8z;1;3;4,
005,11,12,0,1,20,0.70983138,0.13195928,5.8467486,14,0,5,5.8467486,9x,0.13195928,9x;16;10;14;1;9z;12;13;15;9y;11;3;2;8x,
005,12,13,0,1,20,0.33869967,-4.4466924,5.0914464,15,0,5,5.0914464,8x,-4.4466924,8x;8y;8z;15;16;10;9z;9x;9y;14;13;12;11;7;1,
005,13,14,0,1,20,0.23983716,-1.4429203,5.0670409,17,0,6,5.0670409,8y,-1.4429203,8y;8x;11;16;15;14;9x;9y;9z;10;13;12;1;8z;3;7;2,
005,14,15,0,1,20,0.27110104,-1.0234014,4.481647,18,0,5,4.481647,13,-1.0234014,13;9x;9z;14;9y;16;10;8y;15;8x;12;8z;7;11;1;3;2;4,
005,15,16,0,1,20,1.091429,-0.69927298,5.7549717,15,0,6,5.7549717,12,-0.69927298,12;9x;9y;9z;1;10;13;16;14;8x;15;11;8y;2;3,
005,16,17,0,1,20,0.054991907,-0.96007035,4.9870343,16,0,5,4.9870343,8x,-0.96007035,8x;8y;9x;15;9z;14;11;9y;16;10;8z;13;7;12;1;3,
005,17,18,0,1,20,0.12142723,-2.7509236,5.2719417,18,0,6,5.2719417,1,-2.7509236,1;12;11;9x;9z;13;10;9y;16;14;15;8x;3;4;2;8y;7;8z,
006,0,1,1,0,20,-0.069145219,-2.5686166,3.2974337,19,0,5,3.2974337,11,-2.5686166,11;9x;12;13;15;14;9y;8z;16;9z;10;7;6;1;3;8x;2;8y;4,
006,1,2,0,1,20,-0.063565859,-1.2921973,4.6320043,18,0,8y,4.6320043,11,-1.2921973,11;12;14;1;13;16;2;9z;3;15;10;9x;9y;4;6;8z;7;5,
006,2,3,0,1,20,-0.10561228,-1.2227788,3.2292858,19,0,5,3.2292858,12,-1.2227788,12;11;13;8x;7;8y;9y;9x;16;1;15;14;8z;9z;10;3;2;4;6,
006,3,4,0,1,20,0.88547666,-0.054649144,4.4113811,16,0,8z,4.4113811,13,-0.054649144,13;9y;14;10;12;9z;9x;15;16;11;1;8x;8y;3;7;4,
006,4,5,0,1,20,1.5256373,-0.23160101,7.7413802,11,0,6,7.7413802,10,-0.23160101,10;9z;9x;9y;16;14;15;12;13;11;1,
006,5,6,0,1,20,0.21888583,-0.26915018,3.3874586,19,0,6,3.3874586,15,-0.26915018,15;1;12;2;9x;9y;13;9z;10;3;4;16;14;11;8x;8y;8z;7;5,
006,6,7,0,1,20,0.047377635,-1.118752,3.5576803,19,0,5,3.5576803,12,-1.118752,12;13;15;9x;8z;9y;16;11;9z;10;7;14;8y;8x;1;3;2;6;4,
006,7,8,0,1,20,1.4820662,-1.9527128,10.817799,11,1,5,10.817799,11,-1.9527128,11;9y;10;9z;9x;15;14;16;13;12;8x,5
006,8,9,0,1,20,0.10079176,-1.24003,3.4458623,19,0,5,3.4458623,12,-1.24003,12;15;11;7;16;14;9x;9y;9z;8z;10;13;8x;1;2;8y;3;4;6,
006,9,10,0,1,20,0.33618338,-0.43643651,3.0270137,19,0,5,3.0270137,15,-0.43643651,15;16;9y;10;14;13;9z;9x;1;3;12;2;11;4;8x;7;8z;8y;6,
006,10,11,0,1,20,3.1626221,0.053918269,10.089797,9,1,5,10.089797,10,0.053918269,10;9y;9z;9x;15;16;12;13;14,5
006,11,12,0,1,20,0.055543028,-1.2094977,3.8619224,17,0,8y,3.8619224,11,-1.2094977,11;13;9z;12;14;9y;10;9x;3;1;16;15;2;4;8z;7;6,
006,12,13,0,1,20,-0.13947224,-2.7102196,3.2104967,19,0,5,3.2104967,11,-2.7102196,11;15;14;16;13;12;8z;9x;9y;10;9z;7;8x;8y;3;1;2;4;6,
006,13,14,0,1,20,1.2917494,-0.83136024,4.1034014,16,0,8z,4.1034014,9y,-0.83136024,9y;9x;9z;10;13;14;12;15;16;1;8x;3;11;2;4;8y,
006,14,15,0,1,20,0.47428549,0.038538751,4.4046445,19,0,5,4.4046445,9y,0.038538751,9y;9x;10;16;9z;7;14;15;8x;13;8y;11;8z;12;6;1;3;2;4,
007,0,1,0,1,20,0.76545999,-0.21567443,12.272618,14,2,5,12.272618,16,-0.21567443,16;9y;10;9z;9x;7;14;8z;15;11;8y;8x;13;12,4;5
007,1,2,0,1,20,2.0818316,-0.17377886,14.432831,11,5,6,14.432831,11,-0.17377886,11;10;9z;9y;16;9x;12;1;15;13;14,8z;7;4;5;6
007,2,3,0,1,20,0.68409493,-9.1257424,13.594886,14,4,5,13.594886,8x,-9.1257424,8x;8y;7;9y;16;9x;10;15;9z;8z;14;13;12;11,2;4;6;5
007,3,4,0,1,20,0.77593497,-0.55049972,12.761104,11,4,6,12.761104,11,-0.55049972,11;9y;12;10;16;9x;9z;1;15;14;13,7;4;5;6
007,4,5,0,1,20,1.5895579,0.023820478,14.445208,13,4,5,14.445208,9z,0.023820478,9z;10;9y;16;15;13;9x;8x;8y;14;12;7;8z,2;6;4;5
007,5,6,0,1,20,1.4292279,-0.18941962,13.5624,12,3,5,13.5624,11,-0.18941962,11;10;12;9z;9y;9x;16;1;8x;13;15;14,4;6;5
007,6,7,0,1,20,1.0593804,-1.0571111,13.108589,14,4,5,13.108589,8y,-1.0571111,8y;8x;9z;10;9y;16;9x;15;7;14;13;8z;12;11,6;2;4;5
007,7,8,0,1,20,1.6199837,-1.2940937,15.204295,11,4,5,15.204295,11,-1.2940937,11;9z;9y;10;16;9x;12;15;14;13;1,3;6;4;5
007,8,9,1,0,20,2.0981243,0.019343734,14.817779,12,5,5,14.817779,10,0.019343734,10;9z;9y;16;9x;15;14;7;12;13;11;8z,3;2;6;4;5
007,9,10,0,1,20,1.6226875,-1.9255376,14.471929,11,5,5,14.471929,11,-1.9255376,11;9y;9z;10;9x;13;16;12;15;1;14,8z;7;4;6;5
007,10,11,0,1,20,1.2766537,-0.23579546,14.381979,13,3,5,14.381979,10,-0.23579546,10;9z;16;9y;9x;15;11;14;12;8x;7;13;8z,6;4;5
007,11,12,0,1,20,1.8470581,-0.081781975,16.238398,11,5,5,16.238398,10,-0.081781975,10;9y;9z;11;12;9x;16;13;1;15;14,8z;7;4;6;5
007,12,13,0,1,20,3.433096,0.069433329,18.470848,7,6,5,18.470848,10,0.069433329,10;16;9y;9z;9x;15;11,1;3;2;4;6;5
007,13,14,0,1,20,3.4216707,-0.29901204,16.992461,10,7,5,16.992461,10,-0.29901204,10;9z;9x;9y;16;11;15;12;14;13,8z;2;7;3;6;4;5
007,14,15,0,1,20,2.7636311,0.13931488,17.537257,11,6,5,17.537257,10,0.13931488,10;9z;9y;16;9x;15;8y;8x;14;13;7,1;3;2;6;4;5
008,0,1,0,1,20,2.090401,0.21435353,12.057597,12,1,5,12.057597,9y,0.21435353,9y;10;16;9z;9x;15;14;12;13;11;8z;7,5
008,1,2,0,1,20,1.6975954,0.030536978,11.839204,11,5,5,11.839204,9x,0.030536978,9x;9y;9z;10;16;11;12;14;1;13;15,8x;7;6;8y;5
008,2,3,0,1,20,1.9192555,0.19395909,11.212786,14,2,5,11.212786,9y,0.19395909,9y;16;10;9x;9z;13;14;15;12;11;8x;8y;8z;7,6;5
008,3,4,0,1,20,2.3158085,-0.21243787,12.448837,11,3,5,12.448837,9y,-0.21243787,9y;9z;10;11;16;9x;15;14;12;13;1,4;6;5
008,4,5,0,1,20,2.1956254,0.16419256,11.595512,14,2,5,11.595512,9z,0.16419256,9z;10;9y;9x;16;15;14;8y;13;11;7;12;8x;8z,4;5
008,5,6,0,1,20,2.2851627,-0.28691946,12.489816,11,4,5,12.489816,11,-0.28691946,11;9y;10;9z;9x;16;14;15;12;1;13,7;6;4;5
008,6,7,1,0,20,2.3023193,-0.0014072296,12.569708,12,2,5,12.569708,16,-0.0014072296,16;10;9y;9z;14;9x;15;13;12;7;8z;11,6;5
008,7,8,0,1,20,1.466804,-0.73656544,11.972029,11,5,5,11.972029,9y,-0.73656544,9y;9z;9x;10;16;11;12;14;15;13;1,8y;8z;7;6;5
008,8,9,0,1,20,3.1198134,-0.092842618,13.408343,10,3,5,13.408343,10,-0.092842618,10;9y;9z;16;9x;14;15;11;13;12,4;6;5
008,9,10,0,1,20,2.4400049,0.034352258,13.328433,11,5,6,13.328433,9y,0.034352258,9y;9x;10;9z;11;16;12;14;15;13;1,8z;4;7;5;6
008,10,11,0,1,20,2.8809165,-0.09669943,13.305559,11,5,5,13.305559,16,-0.09669943,16;10;9y;9z;9x;15;14;11;13;12;7,2;6;3;4;5
008,11,12,1,0,20,1.9504937,-0.10525166,12.274045,11,1,5,12.274045,9x,-0.10525166,9x;9z;10;9y;16;11;14;12;15;13;1,5
008,12,13,1,0,20,2.3457182,0.094868779,12.488495,11,3,5,12.488495,10,0.094868779,10;9y;9z;16;9x;15;14;11;8z;7;13,4;6;5
008,13,14,0,1,20,1.300398,-0.3552776,9.9301626,11,0,5,9.9301626,16,-0.3552776,16;9z;10;9y;9x;11;14;15;12;1;13,
008,14,15,0,1,20,1.2712357,-0.73985637,10.212451,12,1,5,10.212451,16,-0.73985637,16;9y;9x;14;15;11;10;9z;13;12;7;8z,5
008,15,16,0,1,20,0.76596108,-0.45162211,10.603067,11,2,7,10.603067,9z,-0.45162211,9z;9y;12;9x;10;11;14;16;15;1;13,5;7
008,16,17,0,1,20,1.8296437,-0.0053989405,11.185443,13,1,5,11.185443,9z,-0.0053989405,9z;10;9y;16;9x;15;11;14;12;13;7;8z;8x,5
008,17,18,0,1,20,1.0875228,-1.9923355,10.285303,11,1,5,10.285303,11,-1.9923355,11;9z;10;9y;9x;14;15;16;12;13;1,5
