round,client_id,num_examples,train_loss,train_score
1.0,0,208.0,1.5526084808202891,0.25961539149284363
1.0,2,208.0,1.5548176948840802,0.25
1.0,1,208.0,1.5938662198873668,0.25
1.0,3,208.0,1.5901939135331373,0.25
2.0,0,208.0,1.5257470240959754,0.25
2.0,2,208.0,1.4646896765782282,0.3125
2.0,1,208.0,1.574504513006944,0.25
2.0,3,208.0,1.5819855194825392,0.25
3.0,1,208.0,1.5439461469650269,0.3365384638309479
3.0,0,208.0,1.4736828253819392,0.38942307233810425
3.0,2,208.0,1.3805344196466298,0.36057692766189575
3.0,3,208.0,1.54309304860922,0.3509615361690521
4.0,3,208.0,1.492646886752202,0.375
4.0,2,208.0,1.3417447805404663,0.35576921701431274
4.0,1,208.0,1.484322190284729,0.3365384638309479
4.0,0,208.0,1.4232317392642682,0.38461539149284363
5.0,2,208.0,1.3369210408284113,0.3798076808452606
5.0,0,208.0,1.4139787417191725,0.5528846383094788
5.0,3,208.0,1.4014190618808453,0.5144230723381042
5.0,1,208.0,1.5215146358196552,0.3701923191547394
6.0,3,208.0,1.344401084459745,0.5192307829856873
6.0,1,208.0,1.4485643185102022,0.38942307233810425
6.0,2,208.0,1.3671743778082042,0.4038461446762085
6.0,0,208.0,1.4267023435005775,0.3509615361690521
7.0,0,208.0,1.337843629030081,0.4615384638309479
7.0,2,208.0,1.2217786953999445,0.4326923191547394
7.0,3,208.0,1.3040549846795888,0.44711539149284363
7.0,1,208.0,1.4672476328336275,0.38942307233810425
8.0,3,208.0,1.3528987719462469,0.5
8.0,1,208.0,1.4090296121744008,0.375
8.0,2,208.0,1.0977783294824452,0.567307710647583
8.0,0,208.0,1.3702904719572802,0.4134615361690521
9.0,1,208.0,1.3358917694825392,0.49038460850715637
9.0,0,208.0,1.3010283158375666,0.32211539149284363
9.0,3,208.0,1.4479116568198571,0.4423076808452606
9.0,2,208.0,1.5510383110779982,0.24038460850715637
10.0,3,208.0,1.3400208950042725,0.4134615361690521
10.0,0,208.0,1.2687930969091563,0.3798076808452606
10.0,2,208.0,1.104637595323416,0.5
10.0,1,208.0,1.3923784952897291,0.41826921701431274
11.0,1,208.0,1.382426958817702,0.49038460850715637
11.0,3,208.0,1.2654465161837065,0.48076921701431274
11.0,0,208.0,1.2759698445980365,0.48557692766189575
11.0,2,208.0,1.046779439999507,0.5865384340286255
12.0,0,208.0,1.2152737379074097,0.36538460850715637
12.0,2,208.0,1.1086368010594294,0.6153846383094788
12.0,1,208.0,1.3401625339801495,0.4711538553237915
12.0,3,208.0,1.2078515474612896,0.5480769276618958
13.0,1,208.0,1.3248904576668372,0.5096153616905212
13.0,3,208.0,1.2186262470025282,0.5192307829856873
13.0,2,208.0,1.147741070160499,0.5913461446762085
13.0,0,208.0,1.2449982716487005,0.4759615361690521
14.0,0,208.0,1.1119094445155218,0.4038461446762085
14.0,1,208.0,1.3406259830181415,0.48557692766189575
14.0,2,208.0,0.9843482329295232,0.6634615659713745
14.0,3,208.0,1.0656792567326472,0.5192307829856873
15.0,2,208.0,0.9113610432698176,0.6634615659713745
15.0,0,208.0,1.1316836797274077,0.45192307233810425
15.0,1,208.0,1.2509710788726807,0.6105769276618958
15.0,3,208.0,0.964615271641658,0.6057692170143127
