round,train_loss,train_score
1.0,1.5728715772812183,0.2524038478732109
2.0,1.5367316832909217,0.265625
3.0,1.485314110150704,0.359375
4.0,1.4354863992104163,0.36298076808452606
5.0,1.418458370062021,0.45432692766189575
6.0,1.3967105310696821,0.41586538404226303
7.0,1.3327312354858105,0.4326923117041588
8.0,1.3074992963900933,0.4639423117041588
9.0,1.4089675133044903,0.37379807233810425
10.0,1.2764575206316435,0.42788460850715637
11.0,1.242655689899738,0.5108172968029976
12.0,1.2179811551020696,0.5000000074505806
13.0,1.2340640116196413,0.5240384563803673
14.0,1.1256407292989583,0.5180288553237915
15.0,1.064657768377891,0.5829326957464218
